Stock#,Lane,Item#,Year,Make,Model,Odometer,VIN,Sale Document,Loss Type,Vehicle Location Info,Auction Date,Public,Primary Damage,Secondary Damage,Run & Drive,Starts,Odometer Status,Fuel Type,Cylinders,Transmission,Provider,Buy Now Price
24828959,A,3032,2008,ACURA,TL,"91,969",19UUA76538A050750,SALVAGE-OH,COLLISION,,6/3/2019 7:30:00 AM,YES,ALL OVER,BIO HAZARD,NO,NO,NOT ACTUAL,Gasoline,6 Cyl,Automatic,Permanent General Co.,
25105615,A,101,2004,ACURA,TSX,"231,306",JH4CL96864C017152,SALVAGE-OH,COLLISION,,6/3/2019 7:30:00 AM,YES,FRONT & REAR,,YES,YES,ACTUAL,Gasoline,4 Cyl,Automatic,Erie Insurance Group,
24656444,A,124,2007,AUDI,A4,"184,289",WAUDF78E97A051085,SALVAGE-PA,COLLISION,,6/3/2019 7:30:00 AM,YES,FRONT END,,YES,YES,ACTUAL,Gasoline,4 Cyl,Automatic,Progressive Casualty Insurance,"$1,000.00"
25179773,A,6002,1997,AUDI,A4,"165,830",WAUEA88D8VA097200,ORIGINAL-OH,OTHER,,6/3/2019 7:30:00 AM,NO,LEFT FRONT,,YES,YES,NOT ACTUAL,Gasoline,6 Cyl,Automatic,,
24690219,A,108,2010,AUDI,A5,"130,769",WAULFAFR3AA006892,SALVAGE-OH,COLLISION,,6/3/2019 7:30:00 AM,YES,FRONT END,LEFT FRONT,NO,YES,ACTUAL,Gasoline,4 Cyl,Automatic,State Farm Group Insurance,
25012006,A,6000,2008,AUDI,Q7,"161,336",WA1BY74L08D032184,ORIGINAL-OH,OTHER,,6/3/2019 7:30:00 AM,NO,UNKNOWN,,YES,YES,ACTUAL,Gasoline,6 Cyl,Automatic,,"$6,500.00"
25135072,A,5502,2002,BUICK,CENTURY,"78,219",2G4WS52J321140831,ORIGINAL-OH,OTHER,,6/3/2019 7:30:00 AM,YES,RIGHT SIDE,REAR,YES,YES,NOT ACTUAL,Gasoline,6 Cyl,Automatic,,
25062838,A,3096,2000,BUICK,CENTURY,"79,157",2G4WS52J5Y1295177,SALVAGE-OH,COLLISION,,6/3/2019 7:30:00 AM,YES,RIGHT SIDE,,YES,YES,NOT ACTUAL,Gasoline,6 Cyl,Automatic,Erie Insurance Group,
25116296,A,3065,1998,BUICK,CENTURY,"95,285",2G4WS52M3W1542882,SALVAGE-OH,COLLISION,,6/3/2019 7:30:00 AM,YES,FRONT END,LEFT FRONT,NO,YES,ACTUAL,Gasoline,6 Cyl,Automatic,Trexis Insurance Company,
22151685,A,150,2000,BUICK,LESABRE,"171,423",1G4HP54K3Y4144083,CANADIAN CERTIFICATE OF SALVAGE-KY,COLLISION,,6/3/2019 7:30:00 AM,NO,RIGHT SIDE,FRONT END,YES,YES,ACTUAL,Gasoline,6 Cyl,Automatic,,
24207594,A,73,2011,BUICK,REGAL,"117,753",W04GN5EC4B1013812,SALVAGE-OH,COLLISION,,6/3/2019 7:30:00 AM,YES,RIGHT SIDE,,YES,YES,ACTUAL,Gasoline,4 Cyl,Automatic,Geico Insurance,
24421153,A,5501,2010,CHEVROLET,AVEO,"66,521",KL1TD6DE6AB096854,ORIGINAL-OH,OTHER,,6/3/2019 7:30:00 AM,YES,REPOSSESSION,FRONT END,YES,YES,ACTUAL,Gasoline,4 Cyl,Automatic,,
24885497,A,38,2018,CHEVROLET,CAMARO,"19,064",1G1FB1RS7J0109998,SALVAGE-OH,COLLISION,,6/3/2019 7:30:00 AM,YES,FRONT END,,YES,YES,ACTUAL,Gasoline,6 Cyl,Automatic,Progressive Casualty Insurance,
25042061,A,6004,1977,CHEVROLET,CAMARO,"54,546",1S87U7L614103,ORIGINAL-OH,OTHER,,6/3/2019 7:30:00 AM,NO,UNKNOWN,,NO,NO,EXCEEDS MECHANICAL LIMITS,Other,,Missing,,$900.00
24263180,A,3094,2008,CHEVROLET,COBALT,"85,139",1G1AL55F387187090,SALVAGE-OH,COLLISION,,6/3/2019 7:30:00 AM,YES,LEFT & RIGHT,,NO,NO,ACTUAL,Gasoline,4 Cyl,Automatic,State Farm Group Insurance,
24302355,A,3068,2007,CHEVROLET,COBALT,"114,682",1G1AK55F677409266,SALVAGE-OH,COLLISION,,6/3/2019 7:30:00 AM,YES,LEFT FRONT,UNDERCARRIAGE,NO,NO,NOT ACTUAL,Gasoline,4 Cyl,Automatic,Erie Insurance Group,
24967288,A,3078,2007,CHEVROLET,COBALT,"145,037",1G1AK55F177350224,SALVAGE-OH,COLLISION,,6/3/2019 7:30:00 AM,YES,ALL OVER,RIGHT SIDE,NO,NO,ACTUAL,Gasoline,4 Cyl,Automatic,Erie Insurance Group,
25194021,A,6607,2007,CHEVROLET,COBALT,"193,971",1G1AK15F977233354,ORIGINAL-OH,OTHER,,6/3/2019 7:30:00 AM,NO,UNKNOWN,,YES,YES,NOT ACTUAL,Gasoline,4 Cyl,Automatic,Goodwill Industries of Greater Cleveland and E. Central Ohio,
24944443,A,84,2006,CHEVROLET,COBALT,"126,872",1G1AK15F867835323,SALVAGE-OH,COLLISION,,6/3/2019 7:30:00 AM,YES,REAR,FRONT END,YES,YES,ACTUAL,Gasoline,4 Cyl,Automatic,Geico Insurance,
25016798,A,42,2005,CHEVROLET,COBALT,"33,489",1G1AL54F157581166,SALVAGE-OH,COLLISION,,6/3/2019 7:30:00 AM,YES,FRONT END,,YES,YES,ACTUAL,Gasoline,4 Cyl,Automatic,State Farm Group Insurance,
25026859,A,3177,2019,CHEVROLET,COLORADO,"9,975",1GCHTCEA0K1114722,SALVAGE-OH,COLLISION,,6/3/2019 7:30:00 AM,YES,FRONT END,LEFT SIDE,NO,NO,ACTUAL,Gasoline,4 Cyl,Automatic,State Farm Group Insurance,
24738841,A,80,2005,CHEVROLET,COLORADO,"201,849",1GCDT196X58215710,SALVAGE-OH,COLLISION,,6/3/2019 7:30:00 AM,YES,REAR,LEFT REAR,YES,YES,ACTUAL,Gasoline,5 Cyl,Automatic,Geico Insurance,
25156987,A,6612,2005,CHEVROLET,COLORADO,"129,128",1GCCS148358186199,ORIGINAL-OH,OTHER,,6/3/2019 7:30:00 AM,NO,FRONT END,,YES,YES,ACTUAL,Gasoline,4 Cyl,Automatic,,"$1,400.00"
25170647,A,3002,1988,CHEVROLET,CORVETTE,"19,177",1G1YY2181J5117661,SALVAGE-OH,OTHER,,6/3/2019 7:30:00 AM,YES,UNKNOWN,,NO,NO,ACTUAL,Gasoline,8 Cyl,Automatic,,"$3,500.00"
24568065,A,100,2018,CHEVROLET,CRUZE,"5,340",1G1BC5SM3J7239413,SALVAGE-OH,COLLISION,,6/3/2019 7:30:00 AM,YES,REAR,,YES,YES,ACTUAL,Gasoline,4 Cyl,Automatic,Trexis Insurance Company,
23097509,A,3132,2014,CHEVROLET,CRUZE,"35,882",1G1PE5SB9E7323756,SALVAGE-OH,COLLISION,,6/3/2019 7:30:00 AM,YES,UNDERCARRIAGE,TRANSMISSION,NO,YES,ACTUAL,Gasoline,4 Cyl,Automatic,Geico Insurance,"$3,650.00"
24943445,A,45,2014,CHEVROLET,CRUZE,"58,227",1G1PG5SB9E7265495,SALVAGE CERTIFICATE-WV,COLLISION,,6/3/2019 7:30:00 AM,YES,REAR,LEFT SIDE,YES,YES,ACTUAL,Gasoline,4 Cyl,Automatic,Erie Insurance Group,
25058533,A,3122,2012,CHEVROLET,CRUZE,"85,871",1G1PK5SC2C7228857,SALVAGE-OH,COLLISION,,6/3/2019 7:30:00 AM,YES,ROLLOVER,RIGHT SIDE,NO,NO,ACTUAL,Gasoline,4 Cyl,Manual,State Farm Group Insurance,
24974943,A,3080,2016,CHEVROLET,EQUINOX,"64,440",2GNALCEK9G6168994,SALVAGE-OH,COLLISION,,6/3/2019 7:30:00 AM,YES,LEFT FRONT,FRONT END,NO,YES,ACTUAL,Gasoline,4 Cyl,Automatic,Geico Insurance,
25141617,A,3114,2014,CHEVROLET,EQUINOX,"50,140",2GNALAEK4E6305387,SALVAGE-OH,COLLISION,,6/3/2019 7:30:00 AM,YES,FRONT END,SUSPENSION,NO,NO,NOT ACTUAL,Flexible Fuel,4 Cyl,Automatic,State Farm Group Insurance,
25199198,A,74,2012,CHEVROLET,EQUINOX,"81,098",2GNFLCEK1C6153471,SALVAGE-OH,COLLISION,,6/3/2019 7:30:00 AM,YES,FRONT END,ROOF,YES,YES,ACTUAL,Flexible Fuel,4 Cyl,Automatic,Progressive Casualty Insurance,
24704401,A,5022,2012,CHEVROLET,EQUINOX,"134,433",2GNALDEK9C6174939,ORIGINAL-OH,OTHER,,6/3/2019 7:30:00 AM,YES,REPOSSESSION,RIGHT SIDE,NO,NO,ACTUAL,Flexible Fuel,4 Cyl,Automatic,,"$2,000.00"
24932953,A,4003,1999,CHEVROLET,EXPRESS G3500,"64,738",1GBHG31F3X1153161,SALVAGE-OH,OTHER,,6/3/2019 7:30:00 AM,YES,REAR,,NO,NO,NOT ACTUAL,Diesel,8 Cyl,Unknown,,"$1,500.00"
25098674,A,137,2017,CHEVROLET,IMPALA,"56,332",2G1105S39H9156993,SALVAGE-OH,COLLISION,,6/3/2019 7:30:00 AM,YES,FRONT END,RIGHT FRONT,YES,YES,ACTUAL,Gasoline,6 Cyl,Automatic,Progressive Casualty Insurance,
25051539,A,89,2007,CHEVROLET,IMPALA,"211,575",2G1WB58K179106201,SALVAGE-OH,COLLISION,,6/3/2019 7:30:00 AM,YES,REAR,LEFT REAR,YES,YES,ACTUAL,Flexible Fuel,6 Cyl,Automatic,Erie Insurance Group,
24818697,A,3090,2017,CHEVROLET,MALIBU,"34,337",1G1ZE5ST8HF223207,SALVAGE CERTIFICATE-WV,COLLISION,,6/3/2019 7:30:00 AM,YES,FRONT END,RIGHT SIDE,NO,YES,ACTUAL,Gasoline,4 Cyl,Automatic,Erie Insurance Group,
24319137,A,3077,2017,CHEVROLET,MALIBU,"42,321",1G1ZE5STXHF205677,SALVAGE-OH,COLLISION,,6/3/2019 7:30:00 AM,YES,FRONT END,,NO,NO,ACTUAL,Gasoline,4 Cyl,Automatic,Progressive Casualty Insurance,
24873129,A,14,2015,CHEVROLET,MALIBU,"46,105",1G11C5SL1FF284365,SALVAGE-OH,COLLISION,,6/3/2019 7:30:00 AM,YES,FRONT END,,YES,YES,ACTUAL,Gasoline,4 Cyl,Automatic,State Farm Group Insurance,
24966992,A,3123,2012,CHEVROLET,MALIBU,"140,282",1G1ZE5EU3CF170493,SALVAGE-OH,COLLISION,,6/3/2019 7:30:00 AM,YES,FRONT END,LEFT FRONT,NO,YES,ACTUAL,Flexible Fuel,4 Cyl,Automatic,Erie Insurance Group,
25147986,A,3111,2012,CHEVROLET,MALIBU,"78,145",1G1ZC5E06CF172242,SALVAGE-OH,COLLISION,,6/3/2019 7:30:00 AM,YES,FRONT END,,NO,NO,ACTUAL,Gasoline,4 Cyl,Automatic,State Farm Group Insurance,
25151762,A,3043,2011,CHEVROLET,MALIBU,"97,201",1G1ZC5EU3BF336242,SALVAGE-OH,COLLISION,,6/3/2019 7:30:00 AM,YES,LEFT SIDE,SUSPENSION,NO,YES,ACTUAL,Flexible Fuel,4 Cyl,Automatic,Progressive Casualty Insurance,
25134056,A,3064,2011,CHEVROLET,MALIBU,"85,099",1G1ZC5E16BF360136,SALVAGE-OH,COLLISION,,6/3/2019 7:30:00 AM,YES,ROLLOVER,FRONT END,NO,NO,ACTUAL,Gasoline,4 Cyl,Automatic,State Farm Group Insurance,
25057008,A,44,2011,CHEVROLET,MALIBU,"104,130",1G1ZC5EU7BF137257,SALVAGE-OH,COLLISION,,6/3/2019 7:30:00 AM,YES,FRONT & REAR,UNKNOWN,YES,YES,ACTUAL,Flexible Fuel,4 Cyl,Automatic,Progressive Casualty Insurance,
25095452,A,26,2010,CHEVROLET,MALIBU,"138,491",1G1ZC5E04AF230863,SALVAGE-OH,COLLISION,,6/3/2019 7:30:00 AM,YES,FRONT END,,YES,YES,ACTUAL,Flexible Fuel,4 Cyl,Automatic,State Farm Group Insurance,
24683695,A,3055,2010,CHEVROLET,MALIBU,"113,310",1G1ZC5EB7AF165248,SALVAGE-OH,COLLISION,,6/3/2019 7:30:00 AM,YES,FRONT END,RIGHT SIDE,NO,YES,ACTUAL,Gasoline,4 Cyl,Automatic,State Farm Group Insurance,
25156730,A,76,2010,CHEVROLET,MALIBU,"151,121",1G1ZD5E75AF313261,SALVAGE-OH,COLLISION,,6/3/2019 7:30:00 AM,YES,FRONT END,,YES,YES,ACTUAL,Gasoline,6 Cyl,Automatic,Progressive Casualty Insurance,
25145508,A,3001,2009,CHEVROLET,MALIBU,1,1G1ZG57B494182310,SALVAGE-OH,OTHER,,6/3/2019 7:30:00 AM,YES,LEFT FRONT,SUSPENSION,NO,NO,NOT ACTUAL,Gasoline,4 Cyl,Automatic,,$650.00
25167947,A,29,2008,CHEVROLET,MALIBU,"145,017",1G1ZH57B084184065,SALVAGE-OH,COLLISION,,6/3/2019 7:30:00 AM,YES,RIGHT SIDE,FRONT END,YES,YES,ACTUAL,Gasoline,4 Cyl,Automatic,Progressive Casualty Insurance,
25088433,A,58,2007,CHEVROLET,MALIBU,"225,966",1G1ZT58N17F168760,SALVAGE-OH,COLLISION,,6/3/2019 7:30:00 AM,YES,LEFT SIDE,,YES,YES,ACTUAL,Gasoline,6 Cyl,Automatic,State Farm Group Insurance,
25060553,A,6628,2007,CHEVROLET,MALIBU,"171,300",1G1ZT68N67F189027,ORIGINAL-OH,OTHER,,6/3/2019 7:30:00 AM,NO,UNKNOWN,,YES,YES,ACTUAL,Gasoline,6 Cyl,Automatic,,
25053269,A,5508,1996,CHEVROLET,MONTE CARLO,"124,158",2G1WW12M5T9307164,ORIGINAL-OH,OTHER,,6/3/2019 7:30:00 AM,YES,REPOSSESSION,,YES,YES,ACTUAL,Gasoline,6 Cyl,Automatic,Select Remarketing Group,
25038262,A,4006,1997,CHEVROLET,P30,"66,992",1GBHP32YXV3311853,SALVAGE-OH,COLLISION,,6/3/2019 7:30:00 AM,YES,REAR,LEFT & RIGHT,NO,NO,ACTUAL,Diesel,8 Cyl,Manual,State Farm Group Insurance,
25080751,A,6044,2003,CHEVROLET,S TRUCK,"131,156",1GCDT13X33K146795,ORIGINAL-OH,OTHER,,6/3/2019 7:30:00 AM,NO,MECHANICAL,,NO,NO,ACTUAL,Gasoline,6 Cyl,Automatic,,$925.00
25104473,A,5506,2001,CHEVROLET,S TRUCK,"153,523",1GCCT19W518135401,ORIGINAL-OH,OTHER,,6/3/2019 7:30:00 AM,YES,UNKNOWN,,YES,YES,ACTUAL,Gasoline,6 Cyl,Automatic,,
25149711,A,6033,1996,CHEVROLET,S TRUCK,"165,641",1GCCS19X2TK200903,ORIGINAL-OH,OTHER,,6/3/2019 7:30:00 AM,NO,UNKNOWN,,NO,NO,ACTUAL,Gasoline,6 Cyl,Automatic,,$325.00
25099693,A,603,2018,CHEVROLET,SILVERADO,"34,079",1GCVKREC5JZ113950,SALVAGE-OH,COLLISION,,6/3/2019 7:30:00 AM,YES,FRONT END,LEFT & RIGHT,YES,YES,ACTUAL,Gasoline,8 Cyl,Automatic,Progressive Casualty Insurance,
24485473,A,3179,2018,CHEVROLET,SILVERADO,"8,780",1GCVKREC2JZ194020,SALVAGE-OH,COLLISION,,6/3/2019 7:30:00 AM,YES,RIGHT SIDE,SUSPENSION,NO,YES,ACTUAL,Gasoline,8 Cyl,Automatic,State Farm Group Insurance,"$10,250.00"
24735703,A,3190,2018,CHEVROLET,SILVERADO,"14,287",1GCVKREH4JZ213114,SALVAGE-OH,COLLISION,,6/3/2019 7:30:00 AM,YES,FRONT & REAR,LEFT & RIGHT,NO,NO,ACTUAL,Gasoline,6 Cyl,Automatic,Geico Insurance,
25037736,A,3180,2016,CHEVROLET,SILVERADO,"54,895",1GCVKREC8GZ374613,SALVAGE-OH,COLLISION,,6/3/2019 7:30:00 AM,YES,FRONT END,LEFT FRONT,NO,NO,ACTUAL,Gasoline,8 Cyl,Automatic,Progressive Casualty Insurance,
25026115,A,3183,2015,CHEVROLET,SILVERADO,"25,331",1GCVKSEC8FZ353959,SALVAGE-OH,COLLISION,,6/3/2019 7:30:00 AM,YES,FRONT END,SUSPENSION,NO,YES,ACTUAL,Gasoline,8 Cyl,Automatic,State Farm Group Insurance,"$11,750.00"
24741388,A,3182,2010,CHEVROLET,SILVERADO,"134,631",3GCRKSE33AG170222,SALVAGE-OH,COLLISION,,6/3/2019 7:30:00 AM,YES,FRONT END,SUSPENSION,NO,NO,ACTUAL,Flexible Fuel,8 Cyl,Automatic,State Farm Group Insurance,"$1,250.00"
24987656,A,3188,2009,CHEVROLET,SILVERADO,"277,913",1GCHK44K19E137626,BILL OF SALE DESTRUCTION ONLY - SALVAGE-OH,COLLISION,,6/3/2019 7:30:00 AM,NO,ROLLOVER,ALL OVER,NO,NO,ACTUAL,Gasoline,8 Cyl,Automatic,State Farm Group Insurance,
24855361,A,141,2007,CHEVROLET,SILVERADO,"156,919",1GCEC19J37E528367,SALVAGE-OH,OTHER,,6/3/2019 7:30:00 AM,YES,BIO HAZARD,,YES,YES,ACTUAL,Gasoline,8 Cyl,Automatic,Erie Insurance Group,
25104040,A,6629,2005,CHEVROLET,SILVERADO,"96,793",1GCEK19Z55Z198813,ORIGINAL-OH,OTHER,,6/3/2019 7:30:00 AM,NO,UNKNOWN,,YES,YES,ACTUAL,Flexible Fuel,8 Cyl,Automatic,,
25152526,A,4010,2003,CHEVROLET,SILVERADO,"220,276",1GCHC29U03E248767,SALVAGE-OH,THEFT,,6/3/2019 7:30:00 AM,YES,LEFT SIDE,,YES,YES,ACTUAL,Gasoline,8 Cyl,Automatic,Progressive Casualty Insurance,
24873624,A,70,2014,CHEVROLET,SONIC,"53,432",1G1JC6SB9E4136665,SALVAGE-OH,COLLISION,,6/3/2019 7:30:00 AM,YES,FRONT END,LEFT FRONT,YES,YES,ACTUAL,Gasoline,4 Cyl,Automatic,Geico Insurance,
24996993,A,57,2013,CHEVROLET,SONIC,"134,160",1G1JC5SB2D4208489,SALVAGE-OH,COLLISION,,6/3/2019 7:30:00 AM,YES,FRONT END,,YES,YES,ACTUAL,Gasoline,4 Cyl,Automatic,State Farm Group Insurance,
25130520,A,3176,2005,CHEVROLET,SUBURBAN,"151,245",3GNFK16Z85G123264,SALVAGE-OH,COLLISION,,6/3/2019 7:30:00 AM,YES,FRONT END,,NO,NO,ACTUAL,Flexible Fuel,8 Cyl,Automatic,State Farm Group Insurance,
24751395,A,3185,2004,CHEVROLET,SUBURBAN,"333,070",3GNEC16T84G203196,SALVAGE-OH,COLLISION,,6/3/2019 7:30:00 AM,YES,LEFT FRONT,SUSPENSION,NO,YES,ACTUAL,Other,,Automatic,State Farm Group Insurance,$550.00
24944738,A,3178,2004,CHEVROLET,SUBURBAN,"293,107",1GNFK16Z54J168725,SALVAGE-MS,COLLISION,,6/3/2019 7:30:00 AM,YES,FRONT END,LEFT SIDE,NO,NO,ACTUAL,Flexible Fuel,8 Cyl,Automatic,Mississippi Farm Bureau,
25145379,A,140,2000,CHEVROLET,TAHOE,"240,554",1GNEK13T3YJ120030,SALVAGE-OH,COLLISION,,6/3/2019 7:30:00 AM,YES,FRONT & REAR,LEFT REAR,YES,YES,ACTUAL,Gasoline,8 Cyl,Automatic,Geico Insurance,
24914026,A,24,2002,CHEVROLET,TRACKER,"94,336",2CNBJ634126950767,SALVAGE-OH,COLLISION,,6/3/2019 7:30:00 AM,YES,RIGHT SIDE,FRONT END,YES,YES,NOT ACTUAL,Gasoline,6 Cyl,Automatic,State Farm Group Insurance,$650.00
25187409,A,6038,2006,CHEVROLET,TRAILBLAZER,"137,735",1GNDT13S062361325,ORIGINAL-OH,OTHER,,6/3/2019 7:30:00 AM,NO,FRONT END,,NO,YES,ACTUAL,Gasoline,6 Cyl,Automatic,Goodwill Industries of Akron Ohio Inc.,
24617016,A,2,2011,CHEVROLET,TRAVERSE,"96,957",1GNKRFED1BJ190862,SALVAGE-OH,COLLISION,,6/3/2019 7:30:00 AM,YES,LEFT SIDE,RIGHT SIDE,YES,YES,ACTUAL,Gasoline,6 Cyl,Automatic,American Family Insurance,
24813782,A,68,2009,CHEVROLET,TRAVERSE,"142,536",1GNEV23D99S153213,SALVAGE-OH,COLLISION,,6/3/2019 7:30:00 AM,YES,RIGHT SIDE,,YES,YES,ACTUAL,Gasoline,6 Cyl,Automatic,Progressive Casualty Insurance,
24938698,A,3083,2018,CHEVROLET,TRAX,"9,829",3GNCJKSBXJL400924,SALVAGE-OH,COLLISION,,6/3/2019 7:30:00 AM,YES,REAR,,NO,YES,ACTUAL,Gasoline,4 Cyl,Automatic,Progressive Casualty Insurance,
24619187,A,3036,2018,CHEVROLET,TRAX,"1,999",KL7CJPSBXJB671812,SALVAGE-OH,COLLISION,,6/3/2019 7:30:00 AM,YES,FRONT END,,NO,NO,ACTUAL,Gasoline,4 Cyl,Automatic,State Farm Group Insurance,
24975418,A,3046,2013,CHRYSLER,200,"134,788",1C3CCBBBXDN624433,SALVAGE-OH,COLLISION,,6/3/2019 7:30:00 AM,YES,UNDERCARRIAGE,ENGINE DAMAGE,NO,NO,ACTUAL,Gasoline,4 Cyl,Automatic,State Farm Group Insurance,
24770017,A,3038,2006,CHRYSLER,300,"111,679",2C3LA53G06H228878,SALVAGE-OH,COLLISION,,6/3/2019 7:30:00 AM,YES,FRONT END,ENGINE DAMAGE,NO,NO,NOT ACTUAL,Gasoline,6 Cyl,Automatic,Progressive Casualty Insurance,
24669744,A,3117,2017,CHRYSLER,PACIFICA,"18,699",2C4RC1EG1HR752902,SALVAGE-OH,COLLISION,,6/3/2019 7:30:00 AM,YES,RIGHT SIDE,,NO,YES,ACTUAL,Flexible Fuel,6 Cyl,Automatic,State Farm Group Insurance,
25053232,A,5510,2007,CHRYSLER,PACIFICA,"205,510",2A8GM68X17R335123,ORIGINAL-OH,OTHER,,6/3/2019 7:30:00 AM,YES,REPOSSESSION,,YES,YES,ACTUAL,Gasoline,6 Cyl,Automatic,Select Remarketing Group,
25219181,A,6604,2004,CHRYSLER,PT CRUISER,"91,141",3C4FY58804T217390,ORIGINAL-OH,OTHER,,6/3/2019 7:30:00 AM,NO,UNKNOWN,,YES,YES,ACTUAL,Gasoline,4 Cyl,Automatic,Western Reserve Public Media,
25066612,A,62,2002,CHRYSLER,PT CRUISER,"83,416",3C4FY58B02T287528,SALVAGE-OH,COLLISION,,6/3/2019 7:30:00 AM,YES,FRONT END,LEFT & RIGHT,YES,YES,ACTUAL,Gasoline,4 Cyl,Automatic,State Farm Group Insurance,
23908574,A,7,2007,CHRYSLER,SEBRING,"113,440",1C3LC46K77N610242,SALVAGE-OH,COLLISION,,6/3/2019 7:30:00 AM,YES,RIGHT SIDE,FRONT END,YES,YES,ACTUAL,Gasoline,4 Cyl,Automatic,Progressive Casualty Insurance,
24985514,A,6040,2001,CHRYSLER,SEBRING,"86,952",1C3EL55U91N693892,ORIGINAL-OH,OTHER,,6/3/2019 7:30:00 AM,NO,FRONT END,MECHANICAL,NO,NO,ACTUAL,Gasoline,6 Cyl,Automatic,,$350.00
25045823,A,117,2014,CHRYSLER,TOWN & COUNTRY,"83,620",2C4RC1CGXER347202,SALVAGE-OH,COLLISION,,6/3/2019 7:30:00 AM,YES,FRONT END,,YES,YES,ACTUAL,Flexible Fuel,6 Cyl,Automatic,State Farm Group Insurance,
25005205,A,11,2014,CHRYSLER,TOWN & COUNTRY,"116,478",2C4RC1BG0ER440733,SALVAGE-OH,COLLISION,,6/3/2019 7:30:00 AM,YES,FRONT END,REAR,YES,YES,ACTUAL,Flexible Fuel,6 Cyl,Automatic,Progressive Casualty Insurance,
25184876,A,6029,2012,CHRYSLER,TOWN & COUNTRY,"142,098",2C4RC1CG4CR121282,ORIGINAL-OH,OTHER,,6/3/2019 7:30:00 AM,NO,MECHANICAL,,NO,NO,ACTUAL,Flexible Fuel,6 Cyl,Automatic,,
24847379,A,3113,2010,CHRYSLER,TOWN & COUNTRY,"90,109",2A4RR5D19AR493773,SALVAGE-OH,COLLISION,,6/3/2019 7:30:00 AM,YES,FRONT END,LEFT FRONT,NO,NO,NOT ACTUAL,Gasoline,6 Cyl,Automatic,Root Insurance - ACH,
24993514,A,79,2008,CHRYSLER,TOWN & COUNTRY,"187,936",2A8HR54P58R792086,SALVAGE-OH,COLLISION,,6/3/2019 7:30:00 AM,YES,FRONT END,RIGHT FRONT,YES,YES,ACTUAL,Gasoline,6 Cyl,Automatic,AAA Auto Club Group Companies,
25165195,A,72,2008,CHRYSLER,TOWN & COUNTRY,"227,691",2A8HR44H08R656368,SALVAGE-OH,COLLISION,,6/3/2019 7:30:00 AM,YES,FRONT & REAR,LEFT & RIGHT,YES,YES,ACTUAL,Flexible Fuel,6 Cyl,Automatic,Geico Insurance,
25057742,A,3105,2006,CHRYSLER,TOWN & COUNTRY,"191,162",2A4GP54L56R894324,SALVAGE-OH,COLLISION,,6/3/2019 7:30:00 AM,YES,FRONT & REAR,LEFT & RIGHT,NO,NO,ACTUAL,Gasoline,6 Cyl,Automatic,Erie Insurance Group,
25013035,A,5021,2005,CHRYSLER,TOWN & COUNTRY,"246,198",1C4GP45R55B285170,ORIGINAL-OH,OTHER,,6/3/2019 7:30:00 AM,YES,REPOSSESSION,FRONT & REAR,NO,NO,ACTUAL,Gasoline,6 Cyl,Automatic,Select Remarketing Group,$300.00
25058991,A,92,2000,CHRYSLER,VOYAGER,"98,557",2C4GJ2538YR689085,SALVAGE-OH,COLLISION,,6/3/2019 7:30:00 AM,YES,RIGHT FRONT,FRONT END,YES,YES,ACTUAL,Gasoline,6 Cyl,Automatic,Erie Insurance Group,
25091348,A,4007,2003,COACHMAN,UNK,,1TC2B226231505105,BILL OF SALE DESTRUCTION ONLY - SALVAGE-OH,OTHER,,6/3/2019 7:30:00 AM,NO,ROOF,RIGHT SIDE,NO,NO,,Other,,Unknown,State Farm Group Insurance,
25139779,A,6027,2013,DODGE,AVENGER,"131,063",1C3CDZCG8DN746840,ORIGINAL-OH,OTHER,,6/3/2019 7:30:00 AM,NO,FRONT END,RIGHT FRONT,NO,NO,ACTUAL,Flexible Fuel,6 Cyl,Automatic,,$700.00
25183062,A,6610,2008,DODGE,AVENGER,"208,721",1B3LC76M58N130167,ORIGINAL-OH,OTHER,,6/3/2019 7:30:00 AM,NO,FRONT END,,YES,YES,ACTUAL,Gasoline,6 Cyl,Automatic,,
25054519,A,3126,2014,DODGE,CHALLENGER,"95,139",2C3CDYAG1EH224557,SALVAGE-OH,COLLISION,,6/3/2019 7:30:00 AM,YES,ALL OVER,ROLLOVER,NO,NO,ACTUAL,Flexible Fuel,6 Cyl,Automatic,Geico Insurance,"$1,500.00"
25109398,A,6613,2002,DODGE,DAKOTA,"141,680",1B7HG38N92S713504,ORIGINAL-OH,OTHER,,6/3/2019 7:30:00 AM,NO,FRONT END,,YES,YES,ACTUAL,Gasoline,8 Cyl,Automatic,,$700.00
25102287,A,3108,2007,DODGE,DURANGO,"131,995",1D8HB48P07F546523,SALVAGE-OH,COLLISION,,6/3/2019 7:30:00 AM,YES,FRONT END,,NO,YES,ACTUAL,Flexible Fuel,8 Cyl,Automatic,Erie Insurance Group,
24793696,A,3116,2015,DODGE,GRAND CARAVAN,"58,679",2C4RDGCG5FR556462,SALVAGE-OH,COLLISION,,6/3/2019 7:30:00 AM,YES,FRONT END,,NO,NO,ACTUAL,Flexible Fuel,6 Cyl,Automatic,State Farm Group Insurance,
24994219,A,130,2013,DODGE,GRAND CARAVAN,"87,505",2C4RDGBG2DR727506,SALVAGE-OH,OTHER,,6/3/2019 7:30:00 AM,YES,RIGHT SIDE,LEFT SIDE,YES,YES,ACTUAL,Flexible Fuel,6 Cyl,Automatic,Geico Insurance,
24605915,A,3109,2012,DODGE,GRAND CARAVAN,"109,390",2C4RDGCG0CR294944,SALVAGE-OH,OTHER,,6/3/2019 7:30:00 AM,YES,INTERIOR BURN,FRONT & REAR,NO,NO,ACTUAL,Flexible Fuel,6 Cyl,Automatic,Geico Insurance,
25058520,A,3067,2010,DODGE,GRAND CARAVAN,"141,759",2D4RN4DE4AR356306,SALVAGE-OH,COLLISION,,6/3/2019 7:30:00 AM,YES,FRONT END,LEFT FRONT,NO,NO,ACTUAL,Flexible Fuel,6 Cyl,Automatic,State Farm Group Insurance,
25111027,A,116,2008,DODGE,GRAND CARAVAN,"174,233",1D8HN44H68B110080,SALVAGE-OH,COLLISION,,6/3/2019 7:30:00 AM,YES,FRONT END,RIGHT SIDE,YES,YES,ACTUAL,Flexible Fuel,6 Cyl,Automatic,Erie Insurance Group,
25196048,A,59,2007,DODGE,GRAND CARAVAN,"141,565",2D4GP44L77R123321,SALVAGE-OH,COLLISION,,6/3/2019 7:30:00 AM,YES,LEFT & RIGHT,,YES,YES,ACTUAL,Other,,Automatic,AAA Auto Club Group Companies,
25129311,A,3121,2004,DODGE,NEON,"117,331",1B3ES26C64D557167,SALVAGE-OH,COLLISION,,6/3/2019 7:30:00 AM,YES,FRONT & REAR,LEFT & RIGHT,NO,NO,ACTUAL,Gasoline,4 Cyl,Automatic,State Farm Group Insurance,
25104042,A,122,1995,DODGE,NEON,"143,701",1B3ES47C7SD517008,SALVAGE-OH,COLLISION,,6/3/2019 7:30:00 AM,YES,LEFT SIDE,,YES,YES,ACTUAL,Gasoline,4 Cyl,Automatic,State Farm Group Insurance,
24941906,A,5509,2002,DODGE,RAM 1500,"187,360",3D7HA18N12G129178,CLEAR-TN,OTHER,,6/3/2019 7:30:00 AM,YES,REPOSSESSION,FRONT END,YES,YES,ACTUAL,Gasoline,8 Cyl,Automatic,TMX Finance,
25070952,A,5503,1998,DODGE,RAM 1500,"105,962",3B7HC12Y2WM288242,ORIGINAL-OH,OTHER,,6/3/2019 7:30:00 AM,YES,REPOSSESSION,FRONT END,YES,YES,ACTUAL,Gasoline,8 Cyl,Automatic,,"$2,000.00"
24579566,A,90,2006,DODGE,STRATUS,"171,921",1B3EL46R46N232124,SALVAGE-OH,COLLISION,,6/3/2019 7:30:00 AM,YES,FRONT END,,YES,YES,ACTUAL,Gasoline,6 Cyl,Automatic,Geico Insurance,
25146939,A,3082,2002,DODGE,STRATUS,"147,014",1B3EL36X82N108795,SALVAGE-OH,COLLISION,,6/3/2019 7:30:00 AM,YES,FRONT END,LEFT FRONT,NO,NO,ACTUAL,Gasoline,4 Cyl,Automatic,Geico Insurance,
24769945,A,4001,2016,FORD,ECONOLINE,"57,475",1FDXE4FS3GDC53392,SALVAGE-OH,COLLISION,,6/3/2019 7:30:00 AM,YES,FRONT END,,NO,NO,ACTUAL,Gasoline,10 Cyl,Unknown,Progressive Casualty Insurance,
25057158,A,6025,2006,FORD,ECONOLINE,"225,979",1FTNE24W86HB24917,ORIGINAL-OH,OTHER,,6/3/2019 7:30:00 AM,NO,ENGINE DAMAGE,,NO,NO,ACTUAL,Gasoline,8 Cyl,Automatic,,$750.00
25156270,A,6052,1995,FORD,ECONOLINE,"151,651",1FDEE14HXSHB51389,ORIGINAL-OH,OTHER,,6/3/2019 7:30:00 AM,NO,LEFT SIDE,FRONT END,NO,NO,ACTUAL,Gasoline,8 Cyl,Automatic,,$300.00
24851148,A,3037,2011,FORD,EDGE,"100,214",2FMDK4AK8BBA24868,SALVAGE-NJ,COLLISION,,6/3/2019 7:30:00 AM,YES,FRONT END,,NO,YES,ACTUAL,Gasoline,6 Cyl,Automatic,New Jersey Manufacturing Group,
25090143,A,3104,2008,FORD,EDGE,5,2FMDK38C78BB05555,SALVAGE-OH,COLLISION,,6/3/2019 7:30:00 AM,YES,REAR,RIGHT REAR,NO,NO,NOT ACTUAL,Gasoline,6 Cyl,Automatic,Erie Insurance Group,
24314543,A,3073,2007,FORD,EDGE,"79,370",2FMDK48C77BB51908,SALVAGE-OH,COLLISION,,6/3/2019 7:30:00 AM,YES,RIGHT FRONT,,NO,YES,ACTUAL,Gasoline,6 Cyl,Automatic,Permanent General Co.,
24223426,A,3130,2014,FORD,ESCAPE,"80,649",1FMCU9GX4EUE56006,SALVAGE-OH,COLLISION,,6/3/2019 7:30:00 AM,YES,LEFT SIDE,FRONT END,NO,NO,ACTUAL,Gasoline,4 Cyl,Automatic,Geico Insurance,"$2,725.00"
24874964,A,3048,2014,FORD,ESCAPE,"114,218",1FMCU9GX9EUA36225,SALVAGE-OH,COLLISION,,6/3/2019 7:30:00 AM,YES,FRONT END,,NO,NO,ACTUAL,Gasoline,4 Cyl,Automatic,Permanent General Co.,
25186468,A,105,2013,FORD,ESCAPE,"87,597",1FMCU9GX0DUA38962,SALVAGE-OH,COLLISION,,6/3/2019 7:30:00 AM,YES,FRONT END,REAR,YES,YES,ACTUAL,Gasoline,4 Cyl,Automatic,Penn National Insurance Group,
25125966,A,30,2010,FORD,ESCAPE,"43,028",1FMCU0D77AKD10284,SALVAGE-OH,COLLISION,,6/3/2019 7:30:00 AM,YES,FRONT END,,YES,YES,ACTUAL,Gasoline,4 Cyl,Automatic,State Farm Group Insurance,
24954161,A,23,2008,FORD,ESCAPE,"112,496",1FMCU04158KC38877,SALVAGE-OH,COLLISION,,6/3/2019 7:30:00 AM,YES,FRONT END,REAR,YES,YES,ACTUAL,Gasoline,6 Cyl,Automatic,State Farm Group Insurance,"$1,075.00"
24987250,A,6623,2006,FORD,ESCAPE,"152,521",1FMCU93146KB46565,ORIGINAL-OH,OTHER,,6/3/2019 7:30:00 AM,NO,FRONT END,,YES,YES,ACTUAL,Gasoline,6 Cyl,Automatic,,$600.00
24531070,A,3061,2005,FORD,ESCAPE,"210,265",1FMYU03195KD28181,SALVAGE-OH,COLLISION,,6/3/2019 7:30:00 AM,YES,FRONT END,LEFT FRONT,NO,YES,ACTUAL,Gasoline,6 Cyl,Automatic,GEICO Insurance,
25085637,A,3042,2005,FORD,ESCAPE,"84,146",1FMYU03105KA94819,SALVAGE-OH,COLLISION,,6/3/2019 7:30:00 AM,YES,FRONT END,UNKNOWN,NO,NO,ACTUAL,Gasoline,6 Cyl,Automatic,State Farm Group Insurance,
25079617,A,6024,2005,FORD,ESCAPE,"127,672",1FMYU94175KA86753,ORIGINAL-OH,OTHER,,6/3/2019 7:30:00 AM,NO,RIGHT FRONT,SUSPENSION,NO,YES,ACTUAL,Gasoline,6 Cyl,Automatic,,$875.00
25123465,A,6615,2002,FORD,ESCAPE,"118,759",1FMYU03112KC07933,ORIGINAL-OH,OTHER,,6/3/2019 7:30:00 AM,NO,LEFT SIDE,FRONT END,YES,YES,ACTUAL,Gasoline,6 Cyl,Automatic,,$525.00
24989410,A,54,1999,FORD,ESCORT,"185,514",3FAKP1139XR101041,SALVAGE CERTIFICATE-WV,COLLISION,,6/3/2019 7:30:00 AM,YES,REAR,RIGHT REAR,YES,YES,ACTUAL,Gasoline,4 Cyl,Automatic,Erie Insurance Group,
22715461,A,3040,2016,FORD,EXPLORER,"45,513",1FM5K8B83GGB03962,SALVAGE-OH,COLLISION,,6/3/2019 7:30:00 AM,YES,FRONT END,,NO,NO,ACTUAL,Gasoline,6 Cyl,Automatic,Continental Casualty Company,
24732482,A,3118,2014,FORD,EXPLORER,"63,268",1FM5K8GT4EGC34246,SALVAGE-OH,COLLISION,,6/3/2019 7:30:00 AM,YES,RIGHT SIDE,SUSPENSION,NO,YES,ACTUAL,Gasoline,6 Cyl,Automatic,State Farm Group Insurance,
25084613,A,99,2014,FORD,EXPLORER,"67,144",1FM5K8B85EGA98308,SALVAGE-OH,COLLISION,,6/3/2019 7:30:00 AM,YES,LEFT SIDE,,YES,YES,ACTUAL,Gasoline,6 Cyl,Automatic,Erie Insurance Group,
24409713,A,3186,2011,FORD,EXPLORER,"134,353",1FMHK7F87BGA03017,SALVAGE-OH,COLLISION,,6/3/2019 7:30:00 AM,YES,FRONT END,ROOF,NO,NO,ACTUAL,Gasoline,6 Cyl,Automatic,Permanent General Co.,
24944388,A,3053,2010,FORD,EXPLORER,"130,539",1FMEU7DE5AUA94858,SALVAGE CERTIFICATE-WV,COLLISION,,6/3/2019 7:30:00 AM,YES,FRONT END,,NO,YES,ACTUAL,Gasoline,6 Cyl,Automatic,State Farm Group Insurance,
25005633,A,114,2010,FORD,EXPLORER,"161,242",1FMEU7DE3AUA76679,SALVAGE-OH,COLLISION,,6/3/2019 7:30:00 AM,YES,FRONT & REAR,,YES,YES,ACTUAL,Gasoline,6 Cyl,Automatic,State Farm Group Insurance,
24921168,A,36,2007,FORD,EXPLORER,"128,226",1FMEU73E87UB50124,SALVAGE-OH,COLLISION,,6/3/2019 7:30:00 AM,YES,RIGHT FRONT,,YES,YES,ACTUAL,Gasoline,6 Cyl,Automatic,Progressive Casualty Insurance,
24932952,A,4002,1994,FORD,F,"169,428",1FDLF47F2REA30206,SALVAGE-OH,OTHER,,6/3/2019 7:30:00 AM,YES,FRONT END,,YES,YES,NOT ACTUAL,Diesel,8 Cyl,Unknown,,"$1,500.00"
24566179,A,142,2016,FORD,F150,"40,910",1FTFW1EG8GFA45604,SALVAGE CERTIFICATE-WV,COLLISION,,6/3/2019 7:30:00 AM,YES,FRONT END,,YES,YES,ACTUAL,Gasoline,6 Cyl,Unknown,Progressive Casualty Insurance,"$15,900.00"
24583703,A,3181,2010,FORD,F150,"132,059",1FTEX1C89AFC21295,SALVAGE-OH,COLLISION,,6/3/2019 7:30:00 AM,YES,FRONT END,ENGINE DAMAGE,NO,NO,ACTUAL,Gasoline,8 Cyl,Automatic,State Farm Group Insurance,
25001543,A,64,2009,FORD,F150,"114,074",1FTPW14V39KC79213,SALVAGE-OH,COLLISION,,6/3/2019 7:30:00 AM,YES,REAR,RIGHT REAR,YES,YES,ACTUAL,Flexible Fuel,8 Cyl,Automatic,Progressive Casualty Insurance,
25015439,A,6041,2008,FORD,F150,"256,192",1FTPX14518FA71321,ORIGINAL-OH,OTHER,,6/3/2019 7:30:00 AM,NO,FRONT END,,NO,NO,ACTUAL,Gasoline,8 Cyl,Automatic,,$925.00
25082690,A,1,2005,FORD,F150,"153,752",1FTRX14W45NA31236,SALVAGE-OH,COLLISION,,6/3/2019 7:30:00 AM,YES,LEFT SIDE,REAR,YES,YES,ACTUAL,Gasoline,8 Cyl,Automatic,Progressive Casualty Insurance,
24634486,A,126,2004,FORD,F150,"141,014",1FTPX14594NB69450,SALVAGE-OH,COLLISION,,6/3/2019 7:30:00 AM,YES,LEFT SIDE,FRONT END,YES,YES,ACTUAL,Gasoline,8 Cyl,Automatic,State Farm Group Insurance,
24756611,A,3000,2003,FORD,F150,1,1FTRF17213NB22599,SALVAGE-OH,OTHER,,6/3/2019 7:30:00 AM,YES,FRONT END,,NO,NO,NOT ACTUAL,Gasoline,6 Cyl,Automatic,,
25109756,A,6022,2002,FORD,F150,"265,103",1FTRX17W72NC01192,ORIGINAL-OH,OTHER,,6/3/2019 7:30:00 AM,NO,LEFT & RIGHT,,NO,YES,ACTUAL,Gasoline,8 Cyl,Automatic,,$400.00
25131230,A,6627,2002,FORD,F150,"101,931",2FTRX18W22CA87154,ORIGINAL-OH,OTHER,,6/3/2019 7:30:00 AM,NO,LEFT & RIGHT,REAR,YES,YES,ACTUAL,Gasoline,8 Cyl,Manual,,$925.00
25081345,A,136,2001,FORD,F150,"200,825",1FTRW08L81KE66236,SALVAGE-OH,COLLISION,,6/3/2019 7:30:00 AM,YES,FRONT & REAR,RIGHT SIDE,YES,YES,NOT ACTUAL,Gasoline,8 Cyl,Automatic,Geico Insurance,
25109653,A,6037,2000,FORD,F150,"98,000",1FTZX1725YNB93809,ORIGINAL-OH,OTHER,,6/3/2019 7:30:00 AM,NO,LEFT & RIGHT,REAR,NO,NO,NOT ACTUAL,Gasoline,6 Cyl,Automatic,,$375.00
25112131,A,4011,2016,FORD,F250,"89,631",1FT7W2B60GEC12100,SALVAGE-OH,COLLISION,,6/3/2019 7:30:00 AM,YES,FRONT END,LEFT FRONT,YES,YES,ACTUAL,Gasoline,8 Cyl,Automatic,Liberty Mutual,
25034738,A,6600,2008,FORD,F250,"296,806",1FTNF20558EB49417,ORIGINAL-OH,OTHER,,6/3/2019 7:30:00 AM,NO,ALL OVER,,YES,YES,ACTUAL,Gasoline,8 Cyl,Automatic,,"$1,300.00"
24979857,A,4050,2006,FORD,F250,"225,000",1FTSX21PX6EC73535,ORIGINAL-OH,OTHER,,6/3/2019 7:30:00 AM,NO,FRONT END,MECHANICAL,NO,NO,NOT ACTUAL,Diesel,8 Cyl,Automatic,,"$1,825.00"
25135253,A,4008,2003,FORD,F250,"121,096",1FTNX21P63ED86827,SALVAGE-OH,COLLISION,,6/3/2019 7:30:00 AM,YES,FRONT END,SUSPENSION,NO,YES,ACTUAL,Diesel,8 Cyl,Manual,State Farm Group Insurance,
25013206,A,4051,2002,FORD,F350,"245,164",1FDWF36F02EC09424,ORIGINAL-OH,COLLISION,,6/3/2019 7:30:00 AM,NO,REAR,LEFT REAR,YES,YES,ACTUAL,Diesel,8 Cyl,Unknown,,
24184636,A,4000,2000,FORD,F350,"230,300",1FDWF36S6YEC24757,BILL OF SALE DESTRUCTION ONLY - SALVAGE-OH,COLLISION,,6/3/2019 7:30:00 AM,NO,RIGHT SIDE,FRONT END,NO,NO,ACTUAL,Gasoline,10 Cyl,Unknown,State Farm Group Insurance,
25156567,A,128,1997,FORD,F350,"297,493",1FTHF35F0VEA21375,SALVAGE-OH,COLLISION,,6/3/2019 7:30:00 AM,YES,LEFT SIDE,FRONT END,YES,YES,ACTUAL,Other,,Unknown,State Farm Group Insurance,
24998469,A,120,2018,FORD,FIESTA,"3,264",3FADP4AJ1JM124553,SALVAGE-OH,COLLISION,,6/3/2019 7:30:00 AM,YES,RIGHT SIDE,RIGHT FRONT,YES,YES,ACTUAL,Gasoline,4 Cyl,Automatic,Erie Insurance Group,
23811181,A,3135,2015,FORD,FIESTA,"40,809",3FADP4EJ3FM161668,SALVAGE-OH,COLLISION,,6/3/2019 7:30:00 AM,YES,FRONT END,,NO,YES,ACTUAL,Gasoline,4 Cyl,Automatic,Geico Insurance,
23650471,A,21,2015,FORD,FIESTA,"55,746",3FADP4BJXFM133001,SALVAGE-OH,COLLISION,,6/3/2019 7:30:00 AM,YES,RIGHT FRONT,RIGHT SIDE,YES,YES,ACTUAL,Gasoline,4 Cyl,Automatic,State Farm Group Insurance,"$1,650.00"
24886493,A,3070,2014,FORD,FIESTA,"87,460",3FADP4EJ0EM114516,SALVAGE-OH,COLLISION,,6/3/2019 7:30:00 AM,YES,FRONT END,SUSPENSION,NO,YES,ACTUAL,Gasoline,4 Cyl,Automatic,Erie Insurance Group,
25168491,A,118,2014,FORD,FIESTA,"26,439",3FADP4AJ6EM211595,SALVAGE-OH,COLLISION,,6/3/2019 7:30:00 AM,YES,FRONT END,,YES,YES,ACTUAL,Gasoline,4 Cyl,Automatic,State Farm Group Insurance,
25126842,A,6,2005,FORD,FIVE HUNDRED,"76,219",1FAHP25135G100321,SALVAGE-OH,COLLISION,,6/3/2019 7:30:00 AM,YES,REAR,,YES,YES,ACTUAL,Gasoline,6 Cyl,Automatic,Progressive Casualty Insurance,
25035550,A,3076,2016,FORD,FOCUS,"56,715",1FADP3L9XGL227042,SALVAGE-OH,COLLISION,,6/3/2019 7:30:00 AM,YES,ROLLOVER,ALL OVER,NO,NO,ACTUAL,Gasoline,4 Cyl,Manual,Geico Insurance,
22415675,A,3137,2015,FORD,FOCUS,"13,761",1FADP3F23FL366975,BILL OF SALE DESTRUCTION ONLY - SALVAGE-OH,COLLISION,,6/3/2019 7:30:00 AM,NO,BIO HAZARD,REAR,NO,NO,ACTUAL,Gasoline,4 Cyl,Automatic,State Farm Group Insurance,
24978182,A,3072,2014,FORD,FOCUS,"97,519",1FADP3K20EL326986,SALVAGE-OH,COLLISION,,6/3/2019 7:30:00 AM,YES,FRONT END,LEFT FRONT,NO,NO,ACTUAL,Gasoline,4 Cyl,Automatic,Erie Insurance Group,
25019033,A,9,2014,FORD,FOCUS,"35,171",1FADP3F20EL438472,SALVAGE-OH,COLLISION,,6/3/2019 7:30:00 AM,YES,FRONT END,UNKNOWN,YES,YES,ACTUAL,Gasoline,4 Cyl,Automatic,Progressive Casualty Insurance,
25158612,A,3054,2012,FORD,FOCUS,"152,802",1FAHP3F26CL132861,SALVAGE-OH,COLLISION,,6/3/2019 7:30:00 AM,YES,FRONT END,,NO,NO,ACTUAL,Gasoline,4 Cyl,Automatic,Geico Insurance,
24432406,A,3056,2010,FORD,FOCUS,"193,707",1FAHP3FN6AW120683,SALVAGE-OH,COLLISION,,6/3/2019 7:30:00 AM,YES,FRONT & REAR,RIGHT SIDE,NO,NO,ACTUAL,Gasoline,4 Cyl,Automatic,Geico Insurance,
25024677,A,602,2014,FORD,FUSION,"95,648",3FA6P0H78ER102036,SALVAGE-OH,COLLISION,,6/3/2019 7:30:00 AM,YES,LEFT & RIGHT,FRONT END,YES,YES,ACTUAL,Gasoline,4 Cyl,Automatic,State Farm Group Insurance,
25121664,A,63,2013,FORD,FUSION,"93,729",3FA6P0D91DR150273,SALVAGE-OH,COLLISION,,6/3/2019 7:30:00 AM,YES,FRONT & REAR,RIGHT FRONT,YES,YES,ACTUAL,Gasoline,4 Cyl,Automatic,State Farm Group Insurance,
23922665,A,3075,2012,FORD,FUSION,"152,518",3FAHP0HG3CR323078,SALVAGE-OH,COLLISION,,6/3/2019 7:30:00 AM,YES,FRONT END,REAR,NO,YES,ACTUAL,Flexible Fuel,6 Cyl,Automatic,Erie Insurance Group,
24660067,A,55,2011,FORD,FUSION,"96,098",3FAHP0JA6BR250440,SALVAGE CERTIFICATE-WV,COLLISION,,6/3/2019 7:30:00 AM,YES,RIGHT SIDE,FRONT & REAR,YES,YES,ACTUAL,Other,,Automatic,Erie Insurance Group,
24680335,A,3131,2011,FORD,FUSION,"95,337",3FAHP0JA6BR147602,SALVAGE-OH,COLLISION,,6/3/2019 7:30:00 AM,YES,FRONT END,,NO,YES,ACTUAL,Gasoline,4 Cyl,Automatic,Geico Insurance,$750.00
24873770,A,22,2011,FORD,FUSION,"100,219",3FAHP0HA3BR255682,SALVAGE-OH,COLLISION,,6/3/2019 7:30:00 AM,YES,REAR,,YES,YES,ACTUAL,Gasoline,4 Cyl,Automatic,State Farm Group Insurance,
25119839,A,3127,2011,FORD,FUSION,"153,498",3FAHP0HA0BR318673,SALVAGE-OH,COLLISION,,6/3/2019 7:30:00 AM,YES,FRONT & REAR,LEFT REAR,NO,NO,ACTUAL,Gasoline,4 Cyl,Automatic,Geico Insurance,$400.00
24644741,A,3136,2010,FORD,FUSION,"113,392",3FAHP0HA6AR177171,SALVAGE-OH,COLLISION,,6/3/2019 7:30:00 AM,YES,LEFT SIDE,,NO,YES,ACTUAL,Gasoline,4 Cyl,Automatic,Geico Insurance,
25107344,A,111,2009,FORD,FUSION,"172,695",3FAHP08129R106044,SALVAGE-OH,COLLISION,,6/3/2019 7:30:00 AM,YES,REAR,,YES,YES,ACTUAL,Gasoline,6 Cyl,Automatic,State Farm Group Insurance,
25137264,A,40,2007,FORD,FUSION,"49,944",3FAHP07Z37R276109,SALVAGE-OH,COLLISION,,6/3/2019 7:30:00 AM,YES,FRONT END,,YES,YES,ACTUAL,Gasoline,4 Cyl,Automatic,Erie Insurance Group,
24657327,A,3069,2015,FORD,MUSTANG,"75,056",1FA6P8AM6F5301833,SALVAGE-OH,COLLISION,,6/3/2019 7:30:00 AM,YES,FRONT END,,NO,NO,ACTUAL,Gasoline,6 Cyl,Automatic,State Farm Group Insurance,
25083891,A,6034,2004,FORD,RANGER,"145,544",1FTYR10D44PB08264,ORIGINAL-OH,OTHER,,6/3/2019 7:30:00 AM,NO,UNKNOWN,,NO,NO,ACTUAL,Gasoline,4 Cyl,Automatic,,$500.00
25062616,A,6045,2003,FORD,RANGER,"168,643",1FTZR45E73PA74858,ORIGINAL-OH,OTHER,,6/3/2019 7:30:00 AM,NO,UNKNOWN,,NO,NO,NOT ACTUAL,Gasoline,6 Cyl,Automatic,,$575.00
25071825,A,6626,2001,FORD,RANGER,"122,275",1FTYR10C71TA24420,ORIGINAL-OH,OTHER,,6/3/2019 7:30:00 AM,NO,LEFT SIDE,,YES,YES,ACTUAL,Gasoline,4 Cyl,Manual,,$525.00
25142801,A,6630,1998,FORD,RANGER,"111,027",1FTYR10CXWTA70217,ORIGINAL-OH,OTHER,,6/3/2019 7:30:00 AM,NO,REPOSSESSION,,YES,YES,ACTUAL,Gasoline,4 Cyl,Automatic,,
25101019,A,6620,1997,FORD,RANGER,"140,082",1FTCR11U1VPA43142,ORIGINAL-OH,OTHER,,6/3/2019 7:30:00 AM,NO,UNKNOWN,,YES,YES,NOT ACTUAL,Gasoline,6 Cyl,Automatic,,$500.00
25133687,A,6043,1994,FORD,RANGER,"162,735",1FTCR14X4RTB08679,ORIGINAL-OH,OTHER,,6/3/2019 7:30:00 AM,NO,BIO HAZARD,,NO,NO,NOT ACTUAL,Gasoline,6 Cyl,Automatic,,$550.00
25184262,A,6031,1994,FORD,RANGER,"64,036",1FTCR10U3RUA38128,ORIGINAL-OH,OTHER,,6/3/2019 7:30:00 AM,NO,LEFT & RIGHT,,YES,YES,EXCEEDS MECHANICAL LIMITS,Gasoline,6 Cyl,Automatic,,
24929753,A,3059,2015,FORD,TAURUS,"134,258",1FAHP2KT7FG105576,SALVAGE-PA,COLLISION,,6/3/2019 7:30:00 AM,YES,FRONT END,,NO,YES,ACTUAL,Gasoline,6 Cyl,Automatic,Progressive Casualty Insurance,
24912292,A,5507,2006,FORD,TAURUS,"136,971",1FAFP53U96A240495,ORIGINAL-OH,OTHER,,6/3/2019 7:30:00 AM,YES,REPOSSESSION,,YES,YES,NOT ACTUAL,Gasoline,6 Cyl,Automatic,,"$1,500.00"
25127001,A,91,2005,FORD,TAURUS,"108,148",1FAHP53U85A201260,SALVAGE-OH,COLLISION,,6/3/2019 7:30:00 AM,YES,RIGHT FRONT,RIGHT REAR,YES,YES,ACTUAL,Gasoline,6 Cyl,Automatic,State Farm Group Insurance,
24932954,A,4004,1998,GMC,3500,"163,698",1CBKC34F6WF049634,SALVAGE-OH,OTHER,,6/3/2019 7:30:00 AM,YES,ELECTRICAL,,YES,YES,ACTUAL,Other,,Unknown,,"$1,500.00"
25056822,A,3044,2012,GMC,ACADIA,"117,720",1GKKVPED7CJ222780,SALVAGE-OH,COLLISION,,6/3/2019 7:30:00 AM,YES,FRONT END,LEFT FRONT,NO,NO,ACTUAL,Gasoline,6 Cyl,Automatic,State Farm Group Insurance,
24665189,A,103,2010,GMC,ACADIA,"93,633",1GKLVMED6AJ249369,SALVAGE-OH,COLLISION,,6/3/2019 7:30:00 AM,YES,FRONT END,RIGHT FRONT,YES,YES,ACTUAL,Other,,Automatic,State Farm Group Insurance,
25007435,A,6049,2008,GMC,ACADIA,"193,292",1GKER33798J259425,ORIGINAL-OH,OTHER,,6/3/2019 7:30:00 AM,NO,MECHANICAL,,NO,YES,ACTUAL,Gasoline,6 Cyl,Automatic,,"$1,350.00"
24478371,A,6053,2001,GMC,NEW SIERRA,"319,418",1GTEC14W71Z196372,ORIGINAL-OH,COLLISION,,6/3/2019 7:30:00 AM,NO,RIGHT SIDE,,NO,NO,NOT ACTUAL,Gasoline,6 Cyl,Automatic,,$400.00
25035739,A,4005,2006,GMC,SAVANA,"416,784",1GDJG312961160524,SALVAGE-OH,OTHER,,6/3/2019 7:30:00 AM,YES,ROOF,FRONT END,NO,NO,ACTUAL,Diesel,8 Cyl,Unknown,State Farm Group Insurance,
25180626,A,135,2006,GMC,SAVANA,"214,845",1GTFG15X361127457,SALVAGE-OH,COLLISION,,6/3/2019 7:30:00 AM,YES,FRONT END,,YES,YES,ACTUAL,Gasoline,6 Cyl,Automatic,Progressive Casualty Insurance,
24482101,A,3097,2017,GMC,TERRAIN,"8,144",2GKALNEK0H6352067,SALVAGE-OH,COLLISION,,6/3/2019 7:30:00 AM,YES,FRONT END,LEFT & RIGHT,NO,YES,ACTUAL,Flexible Fuel,4 Cyl,Automatic,Erie Insurance Group,"$4,500.00"
23857337,A,3103,2016,GMC,TERRAIN,"90,690",2GKFLSEK3G6108450,SALVAGE-OH,COLLISION,,6/3/2019 7:30:00 AM,YES,REAR,LEFT REAR,NO,NO,ACTUAL,Flexible Fuel,4 Cyl,Automatic,Geico Insurance,
24998539,A,3085,2014,GMC,TERRAIN,"89,591",2GKFLWEK5E6104873,SALVAGE-OH,COLLISION,,6/3/2019 7:30:00 AM,YES,LEFT SIDE,SUSPENSION,NO,YES,ACTUAL,Flexible Fuel,4 Cyl,Automatic,Progressive Casualty Insurance,
24411541,A,31,2008,GMC,YUKON XL,"217,195",1GKFK16308R262723,SALVAGE-OH,COLLISION,,6/3/2019 7:30:00 AM,YES,FRONT END,,YES,YES,ACTUAL,Flexible Fuel,8 Cyl,Automatic,State Farm Group Insurance,"$3,300.00"
25039557,A,600,2019,HONDA,ACCORD,913,1HGCV1F57KA008537,SALVAGE-OH,COLLISION,,6/3/2019 7:30:00 AM,YES,LEFT & RIGHT,ROLLOVER,YES,YES,ACTUAL,Gasoline,4 Cyl,Automatic,Progressive Casualty Insurance,"$7,400.00"
25122973,A,3033,2007,HONDA,ACCORD,"236,065",1HGCM564X7A108205,SALVAGE-OH,COLLISION,,6/3/2019 7:30:00 AM,YES,RIGHT SIDE,RIGHT REAR,NO,YES,ACTUAL,Gasoline,4 Cyl,Automatic,State Farm Group Insurance,
25192967,A,6039,1998,HONDA,ACCORD,"193,503",1HGCG5642WA072371,ORIGINAL-OH,OTHER,,6/3/2019 7:30:00 AM,NO,MECHANICAL,,NO,NO,NOT ACTUAL,Other,,Automatic,Ideastream,
24665760,A,3100,2018,HONDA,CIVIC,"29,553",19XFC1E34JE002790,SALVAGE-OH,COLLISION,,6/3/2019 7:30:00 AM,YES,FRONT END,,NO,NO,ACTUAL,Other,,Automatic,Erie Insurance Group,"$3,000.00"
24815083,A,18,2015,HONDA,CIVIC,"35,074",19XFB2F55FE072783,SALVAGE-OH,COLLISION,,6/3/2019 7:30:00 AM,YES,FRONT END,RIGHT FRONT,YES,YES,ACTUAL,Gasoline,4 Cyl,Automatic,State Farm Group Insurance,"$2,750.00"
24752841,A,3058,2013,HONDA,CIVIC,"110,900",19XFB2F54DE077504,SALVAGE-OH,COLLISION,,6/3/2019 7:30:00 AM,YES,LEFT SIDE,SUSPENSION,NO,YES,ACTUAL,Gasoline,4 Cyl,Automatic,State Farm Group Insurance,
25065334,A,95,2012,HONDA,CIVIC,"141,254",19XFB2F54CE005720,SALVAGE-OH,COLLISION,,6/3/2019 7:30:00 AM,YES,RIGHT SIDE,,YES,YES,ACTUAL,Gasoline,4 Cyl,Automatic,Erie Insurance Group,
25045967,A,33,2009,HONDA,CIVIC,"216,657",2HGFG11829H529492,SALVAGE-OH,COLLISION,,6/3/2019 7:30:00 AM,YES,REAR,,YES,YES,ACTUAL,Gasoline,4 Cyl,Manual,State Farm Group Insurance,"$1,150.00"
25113237,A,3086,2009,HONDA,CIVIC,"176,132",2HGFA16589H354889,SALVAGE-OH,COLLISION,,6/3/2019 7:30:00 AM,YES,RIGHT FRONT,FRONT END,NO,YES,ACTUAL,Gasoline,4 Cyl,Automatic,Geico Insurance,
25138579,A,112,2007,HONDA,CIVIC,"154,262",1HGFA16837L101215,SALVAGE-OH,COLLISION,,6/3/2019 7:30:00 AM,YES,REAR,,YES,YES,ACTUAL,Gasoline,4 Cyl,Automatic,State Farm Group Insurance,
25054746,A,3079,2005,HONDA,CIVIC,"381,112",1HGEM22985L004855,SALVAGE-OH,COLLISION,,6/3/2019 7:30:00 AM,YES,FRONT & REAR,LEFT SIDE,NO,YES,ACTUAL,Gasoline,4 Cyl,Automatic,Erie Insurance Group,
25100706,A,113,2002,HONDA,CIVIC,"160,677",1HGES16542L037306,SALVAGE-OH,COLLISION,,6/3/2019 7:30:00 AM,YES,FRONT END,,YES,YES,ACTUAL,Gasoline,4 Cyl,Automatic,State Farm Group Insurance,
24981742,A,6046,2001,HONDA,CIVIC,"222,992",1HGES15551L040778,ORIGINAL-OH,OTHER,,6/3/2019 7:30:00 AM,NO,FRONT END,LEFT FRONT,NO,NO,ACTUAL,Gasoline,4 Cyl,Manual,,$475.00
25099372,A,3115,2017,HONDA,CR-V,"15,600",2HKRW2H94HH678026,SALVAGE-OH,COLLISION,,6/3/2019 7:30:00 AM,YES,FRONT END,RIGHT FRONT,NO,NO,ACTUAL,Gasoline,4 Cyl,Automatic,State Farm Group Insurance,
25051673,A,134,2015,HONDA,CR-V,"50,889",5J6RM4H54FL100557,SALVAGE-OH,COLLISION,,6/3/2019 7:30:00 AM,YES,FRONT END,,YES,YES,ACTUAL,Gasoline,4 Cyl,Automatic,Progressive Casualty Insurance,
25127077,A,82,2013,HONDA,CR-V,"50,165",2HKRM4H76DH652909,SALVAGE-OH,COLLISION,,6/3/2019 7:30:00 AM,YES,FRONT & REAR,,YES,YES,ACTUAL,Gasoline,4 Cyl,Automatic,Progressive Casualty Insurance,
25000795,A,3089,2011,HONDA,CR-V,"73,684",3CZRE3H30BG704426,SALVAGE-OH,COLLISION,,6/3/2019 7:30:00 AM,YES,FRONT END,SUSPENSION,NO,NO,ACTUAL,Gasoline,4 Cyl,Automatic,State Farm Group Insurance,"$2,150.00"
23927123,A,3101,2010,HONDA,CR-V,"85,959",5J6RE4H71AL039756,SALVAGE-OH,COLLISION,,6/3/2019 7:30:00 AM,YES,FRONT END,RIGHT SIDE,NO,YES,NOT ACTUAL,Gasoline,4 Cyl,Automatic,State Farm Group Insurance,"$2,850.00"
25102921,A,81,2006,HONDA,CR-V,"211,133",JHLRD78596C029981,SALVAGE-OH,COLLISION,,6/3/2019 7:30:00 AM,YES,REAR,,YES,YES,ACTUAL,Gasoline,4 Cyl,Automatic,Progressive Casualty Insurance,
25081618,A,94,2005,HONDA,CR-V,"173,992",JHLRD78845C056028,SALVAGE-OH,COLLISION,,6/3/2019 7:30:00 AM,YES,FRONT END,,YES,YES,ACTUAL,Gasoline,4 Cyl,Automatic,Erie Insurance Group,
25080275,A,6624,2001,HONDA,CR-V,"221,866",JHLRD18781S002333,ORIGINAL-OH,OTHER,,6/3/2019 7:30:00 AM,NO,RIGHT REAR,,YES,YES,ACTUAL,Gasoline,4 Cyl,Automatic,,$750.00
24987673,A,6614,2001,HONDA,CR-V,"228,550",JHLRD18411C037327,ORIGINAL-OH,OTHER,,6/3/2019 7:30:00 AM,NO,RIGHT SIDE,,YES,YES,ACTUAL,Gasoline,4 Cyl,Automatic,,$575.00
25102519,A,6042,2000,HONDA,CR-V,"151,625",JHLRD2844YS004246,CLEAR-PA,OTHER,,6/3/2019 7:30:00 AM,NO,UNKNOWN,,NO,NO,ACTUAL,Gasoline,4 Cyl,Automatic,,$475.00
25011804,A,6608,1998,HONDA,CR-V,"195,872",JHLRD1860WC081165,ORIGINAL-OH,OTHER,,6/3/2019 7:30:00 AM,NO,RIGHT SIDE,,YES,YES,NOT ACTUAL,Gasoline,4 Cyl,Automatic,,$425.00
25078114,A,3124,2004,HONDA,ELEMENT,"113,744",5J6YH28524L032146,SALVAGE-OH,COLLISION,,6/3/2019 7:30:00 AM,YES,FRONT END,,NO,NO,ACTUAL,Gasoline,4 Cyl,Automatic,State Farm Group Insurance,
24956256,A,13,2004,HONDA,ELEMENT,"165,705",5J6YH28554L022162,SALVAGE-OH,COLLISION,,6/3/2019 7:30:00 AM,YES,FRONT END,LEFT FRONT,YES,YES,ACTUAL,Gasoline,4 Cyl,Automatic,State Farm Group Insurance,
24756600,A,3045,2000,HONDA,ODYSSEY,"123,423",2HKRL1860YH576974,SALVAGE-OH,COLLISION,,6/3/2019 7:30:00 AM,YES,FRONT END,,YES,YES,ACTUAL,Gasoline,6 Cyl,Automatic,State Farm Group Insurance,
25035783,A,104,2011,HONDA,PILOT,"101,622",5FNYF4H40BB048019,SALVAGE-OH,COLLISION,,6/3/2019 7:30:00 AM,YES,RIGHT SIDE,,YES,YES,ACTUAL,Gasoline,6 Cyl,Automatic,Erie Insurance Group,
25130673,A,131,2011,HONDA,RIDGELINE,"161,781",5FPYK1F51BB008786,SALVAGE-OH,COLLISION,,6/3/2019 7:30:00 AM,YES,FRONT END,REAR,YES,YES,ACTUAL,Gasoline,6 Cyl,Automatic,State Farm Group Insurance,
25141189,A,102,2008,HONDA,RIDGELINE,"122,819",2HJYK16518H534407,SALVAGE-OH,COLLISION,,6/3/2019 7:30:00 AM,YES,LEFT SIDE,FRONT END,YES,YES,NOT ACTUAL,Gasoline,6 Cyl,Automatic,Erie Insurance Group,
24507440,A,3035,2016,HYUNDAI,ELANTRA,"27,694",5NPDH4AE0GH652884,SALVAGE-OH,COLLISION,,6/3/2019 7:30:00 AM,YES,FRONT END,,NO,YES,ACTUAL,Gasoline,4 Cyl,Automatic,Progressive Casualty Insurance,
24717294,A,48,2010,HYUNDAI,ELANTRA,"63,206",KMHDU4AD2AU191019,SALVAGE-OH,COLLISION,,6/3/2019 7:30:00 AM,YES,REAR,LEFT REAR,YES,YES,ACTUAL,Gasoline,4 Cyl,Automatic,State Farm Group Insurance,
24991722,A,69,2010,HYUNDAI,ELANTRA,"97,772",KMHDU4AD5AU180743,SALVAGE-OH,COLLISION,,6/3/2019 7:30:00 AM,YES,FRONT END,LEFT FRONT,YES,YES,ACTUAL,Gasoline,4 Cyl,Automatic,Geico Insurance,
25077785,A,3091,2008,HYUNDAI,ELANTRA,"152,104",KMHDU46D18U344525,BILL OF SALE DESTRUCTION ONLY - SALVAGE-OH,COLLISION,,6/3/2019 7:30:00 AM,NO,ROLLOVER,FRONT END,NO,NO,ACTUAL,Gasoline,4 Cyl,Automatic,State Farm Group Insurance,
25208044,A,6028,2002,HYUNDAI,ELANTRA,"168,322",KMHDN45D02U394192,ORIGINAL-OH,OTHER,,6/3/2019 7:30:00 AM,NO,RIGHT FRONT,,NO,NO,NOT ACTUAL,Gasoline,4 Cyl,Manual,Childrens Wish Foundation Int.,
24814590,A,35,2017,HYUNDAI,ELANTRA GT,"35,846",KMHD35LH6HU366889,SALVAGE-OH,COLLISION,,6/3/2019 7:30:00 AM,YES,FRONT END,LEFT FRONT,YES,YES,ACTUAL,Gasoline,4 Cyl,Automatic,Permanent General Co.,
24930259,A,3119,2017,HYUNDAI,ELANTRA GT,"6,571",KMHD35LH2HU353962,SALVAGE-OH,COLLISION,,6/3/2019 7:30:00 AM,YES,RIGHT SIDE,FRONT & REAR,NO,YES,ACTUAL,Gasoline,4 Cyl,Automatic,State Farm Group Insurance,
24977433,A,66,2016,HYUNDAI,ELANTRA GT,"24,429",KMHD35LH8GU308572,SALVAGE-OH,COLLISION,,6/3/2019 7:30:00 AM,YES,FRONT END,,YES,YES,ACTUAL,Gasoline,4 Cyl,Automatic,Geico Insurance,
23693062,A,123,2008,HYUNDAI,ENTOURAGE,"126,110",KNDMC233386055125,SALVAGE-OH,COLLISION,,6/3/2019 7:30:00 AM,YES,FRONT END,REAR,YES,YES,ACTUAL,Gasoline,6 Cyl,Automatic,Geico Insurance,"$1,650.00"
24882973,A,3099,2019,HYUNDAI,IONIQ,"8,335",KMHC65LC0KU109810,SALVAGE-OH,COLLISION,,6/3/2019 7:30:00 AM,YES,FRONT END,SUSPENSION,NO,YES,ACTUAL,Hybrid,4 Cyl,Automatic,Erie Insurance Group,"$9,000.00"
24386274,A,3112,2011,HYUNDAI,SANTA FE,"98,589",5XYZGDABXBG073688,SALVAGE-OH,COLLISION,,6/3/2019 7:30:00 AM,YES,FRONT END,,NO,NO,NOT ACTUAL,Gasoline,4 Cyl,Automatic,Erie Insurance Group,
24957656,A,3052,2009,HYUNDAI,SANTA FE,"99,262",5NMSH13E39H280699,SALVAGE-OH,COLLISION,,6/3/2019 7:30:00 AM,YES,LEFT SIDE,SUSPENSION,NO,YES,ACTUAL,Gasoline,6 Cyl,Automatic,State Farm Group Insurance,
25137758,A,3049,2007,HYUNDAI,SONATA,"126,862",5NPEU46F27H268882,SALVAGE-OH,COLLISION,,6/3/2019 7:30:00 AM,YES,FRONT END,,NO,NO,ACTUAL,Gasoline,6 Cyl,Automatic,State Farm Group Insurance,
24976083,A,6026,2005,HYUNDAI,TUCSON,"181,175",KM8JN72D25U244064,ORIGINAL-OH,OTHER,,6/3/2019 7:30:00 AM,NO,UNKNOWN,,NO,NO,NOT ACTUAL,Gasoline,6 Cyl,Automatic,,$725.00
23966998,A,60,2005,INFINITI,FX35,"99,729",JNRAS08W25X207298,SALVAGE-OH,COLLISION,,6/3/2019 7:30:00 AM,YES,RIGHT SIDE,,YES,YES,ACTUAL,Gasoline,6 Cyl,Automatic,State Farm Group Insurance,
25165156,A,6032,2001,JEEP,CHEROKEE,"273,792",1J4FF58S61L507796,ORIGINAL-OH,OTHER,,6/3/2019 7:30:00 AM,NO,FRONT END,,NO,NO,ACTUAL,Gasoline,6 Cyl,Automatic,,$450.00
25092179,A,605,2000,JEEP,CHEROKEE,"282,450",1J4FF48S2YL139038,SALVAGE-OH,COLLISION,,6/3/2019 7:30:00 AM,YES,FRONT END,,YES,YES,ACTUAL,Gasoline,6 Cyl,Automatic,,$700.00
25097680,A,110,1995,JEEP,CHEROKEE,"169,009",1J4FJ68S6SL544949,SALVAGE-OH,COLLISION,,6/3/2019 7:30:00 AM,YES,REAR,RIGHT REAR,YES,YES,ACTUAL,Gasoline,6 Cyl,Automatic,State Farm Group Insurance,
24538919,A,15,2015,JEEP,GRAND CHEROKEE,"33,533",1C4RJFBG7FC196723,SALVAGE-OH,COLLISION,,Sold,YES,FRONT END,,YES,YES,ACTUAL,Flexible Fuel,6 Cyl,Automatic,State Farm Group Insurance,
24612610,A,3060,2006,JEEP,GRAND CHEROKEE,"94,081",1J4HR48N16C197794,SALVAGE-OH,COLLISION,,6/3/2019 7:30:00 AM,YES,FRONT END,,NO,NO,ACTUAL,Gasoline,8 Cyl,Automatic,Geico Insurance,
25085159,A,6606,2005,JEEP,GRAND CHEROKEE,"244,645",1J4GR48K15C513565,ORIGINAL-OH,OTHER,,6/3/2019 7:30:00 AM,NO,FRONT END,RIGHT FRONT,YES,YES,ACTUAL,Gasoline,6 Cyl,Automatic,,$450.00
25026495,A,53,2004,JEEP,LIBERTY,"93,526",1J4GL48K74W297865,SALVAGE-OH,COLLISION,,6/3/2019 7:30:00 AM,YES,FRONT END,LEFT FRONT,YES,YES,ACTUAL,Gasoline,6 Cyl,Automatic,Permanent General Co.,
24625124,A,25,2015,JEEP,PATRIOT,"44,028",1C4NJRFB8FD239524,SALVAGE-OH,COLLISION,,6/3/2019 7:30:00 AM,YES,FRONT END,REAR,YES,YES,ACTUAL,Gasoline,4 Cyl,Automatic,State Farm Group Insurance,
24921417,A,3039,2012,JEEP,WRANGLER,"118,497",1C4AJWAG0CL192958,SALVAGE CERTIFICATE-WV,COLLISION,,6/3/2019 7:30:00 AM,YES,FRONT END,SUSPENSION,NO,NO,ACTUAL,Flexible Fuel,6 Cyl,Automatic,Erie Insurance Group,
25203662,A,6609,2006,JEEP,WRANGLER,"155,545",1J4FA39S16P711584,ORIGINAL-OH,OTHER,,6/3/2019 7:30:00 AM,NO,UNKNOWN,,YES,YES,ACTUAL,Gasoline,6 Cyl,Automatic,,
25017031,A,3133,2003,JEEP,WRANGLER / TJ,"157,365",1J4FA69S73P366736,SALVAGE-OH,OTHER,,6/3/2019 7:30:00 AM,YES,MECHANICAL,,NO,YES,ACTUAL,Gasoline,6 Cyl,Manual,Progressive Casualty Insurance,"$4,200.00"
23770783,A,125,2017,KIA,FORTE,"20,679",3KPFK4A74HE090361,SALVAGE-OH,COLLISION,,6/3/2019 7:30:00 AM,YES,FRONT END,,YES,YES,ACTUAL,Gasoline,4 Cyl,Automatic,Progressive Casualty Insurance,"$4,000.00"
24622378,A,10,2011,KIA,FORTE,"157,430",KNAFU4A29B5380626,SALVAGE-OH,COLLISION,,6/3/2019 7:30:00 AM,YES,FRONT END,LEFT & RIGHT,YES,YES,ACTUAL,Gasoline,4 Cyl,Automatic,Progressive Casualty Insurance,
24715931,A,133,2015,KIA,OPTIMA,"61,075",KNAGM4A71F5659784,SALVAGE-OH,COLLISION,,6/3/2019 7:30:00 AM,YES,FRONT END,,YES,YES,ACTUAL,Gasoline,4 Cyl,Automatic,Geico Insurance,
24092191,,#TBD,2014,KIA,OPTIMA,"84,552",5XXGM4A7XEG280327,SALVAGE-OH,COLLISION,,6/3/2019 7:30:00 AM,YES,ALL OVER,,NO,YES,ACTUAL,Gasoline,4 Cyl,Automatic,,
24767307,A,3034,2013,KIA,OPTIMA,"61,712",5XXGM4A72DG250690,SALVAGE-OH,COLLISION,,6/3/2019 7:30:00 AM,YES,RIGHT FRONT,SUSPENSION,NO,YES,ACTUAL,Gasoline,4 Cyl,Automatic,Permanent General Co.,
24972731,A,3074,2009,KIA,OPTIMA,"62,027",KNAGE228595366385,SALVAGE-OH,COLLISION,,6/3/2019 7:30:00 AM,YES,FRONT END,ENGINE DAMAGE,NO,NO,ACTUAL,Gasoline,4 Cyl,Automatic,Erie Insurance Group,
25073544,A,5504,2004,KIA,OPTIMA,"170,884",KNAGD128245305016,ORIGINAL-OH,OTHER,,6/3/2019 7:30:00 AM,YES,REPOSSESSION,RIGHT SIDE,YES,YES,ACTUAL,Gasoline,6 Cyl,Automatic,Select Remarketing Group,
25042206,A,3063,2014,KIA,RIO,"53,698",KNADM4A31E6338725,SALVAGE-OH,COLLISION,,6/3/2019 7:30:00 AM,YES,FRONT & REAR,LEFT & RIGHT,NO,NO,NOT ACTUAL,Gasoline,4 Cyl,Automatic,Geico Insurance,
24025545,A,138,2010,KIA,SEDONA,"141,615",KNDMH4C35A6338399,SALVAGE-OH,COLLISION,,6/3/2019 7:30:00 AM,YES,LEFT SIDE,,YES,YES,ACTUAL,Gasoline,6 Cyl,Automatic,Geico Insurance,
25080148,A,6023,2006,KIA,SEDONA,"104,833",KNDMB233066065479,ORIGINAL-OH,OTHER,,6/3/2019 7:30:00 AM,NO,RIGHT SIDE,,NO,NO,ACTUAL,Gasoline,6 Cyl,Automatic,,$775.00
24523650,A,143,2018,KIA,SOUL,"13,986",KNDJP3A56J7589141,SALVAGE-OH,COLLISION,,6/3/2019 7:30:00 AM,YES,LEFT SIDE,,YES,YES,ACTUAL,Gasoline,4 Cyl,Automatic,State Farm Group Insurance,
24703432,A,3071,2014,KIA,SOUL,"38,352",KNDJN2A2XE7048248,SALVAGE-OH,COLLISION,,6/3/2019 7:30:00 AM,YES,FRONT END,,NO,NO,ACTUAL,Gasoline,4 Cyl,Automatic,State Farm Group Insurance,
25030622,A,3134,2007,KIA,SPECTRA,"132,245",KNAFE121775383226,SALVAGE-OH,OTHER,,6/3/2019 7:30:00 AM,NO,REAR,RIGHT SIDE,NO,NO,NOT ACTUAL,Gasoline,4 Cyl,Manual,,$650.00
25131488,A,41,2007,KIA,SPORTAGE,"157,364",KNDJF724X77302800,SALVAGE-OH,COLLISION,,6/3/2019 7:30:00 AM,YES,FRONT END,LEFT FRONT,YES,YES,ACTUAL,Gasoline,4 Cyl,Automatic,State Farm Group Insurance,
25151857,A,115,2005,LEXUS,ES,"153,758",JTHBA30G755100576,SALVAGE-OH,COLLISION,,6/3/2019 7:30:00 AM,YES,FRONT END,REAR,YES,YES,ACTUAL,Gasoline,6 Cyl,Automatic,State Farm Group Insurance,
24547822,A,3057,2002,LEXUS,ES,"245,625",JTHBF30G225016615,SALVAGE-OH,COLLISION,,6/3/2019 7:30:00 AM,YES,ROLLOVER,,NO,NO,ACTUAL,Gasoline,6 Cyl,Automatic,Geico Insurance,
24983422,A,6048,1993,LEXUS,SC,"229,981",JT8JZ31C7P0012174,ORIGINAL-OH,OTHER,,6/3/2019 7:30:00 AM,NO,UNKNOWN,,NO,YES,ACTUAL,Gasoline,6 Cyl,Automatic,,$375.00
22165209,A,3092,2013,LINCOLN,MKS,"38,259",1LNHL9EK2DG607261,SALVAGE-PA,COLLISION,,6/3/2019 7:30:00 AM,YES,FRONT END,SUSPENSION,NO,NO,ACTUAL,Gasoline,6 Cyl,Automatic,State Farm Group Insurance,"$2,900.00"
24917974,A,3120,2012,MAZDA,3,"60,768",JM1BL1L80C1621213,SALVAGE-OH,COLLISION,,6/3/2019 7:30:00 AM,YES,FRONT END,RIGHT FRONT,NO,YES,ACTUAL,Gasoline,4 Cyl,Automatic,State Farm Group Insurance,
25125173,A,47,2011,MAZDA,3,"96,104",JM1BL1VF8B1478974,SALVAGE-OH,COLLISION,,6/3/2019 7:30:00 AM,YES,FRONT END,,YES,YES,ACTUAL,Gasoline,4 Cyl,Automatic,State Farm Group Insurance,
25091898,A,28,2012,MAZDA,5,"89,630",JM1CW2DL0C0140310,SALVAGE-OH,COLLISION,,6/3/2019 7:30:00 AM,YES,FRONT END,RIGHT FRONT,YES,YES,ACTUAL,Gasoline,4 Cyl,Automatic,Erie Insurance Group,
25158011,A,3062,2008,MAZDA,6,"153,802",1YVHP80C285M35943,SALVAGE-OH,COLLISION,,6/3/2019 7:30:00 AM,YES,FRONT & REAR,,NO,YES,ACTUAL,Gasoline,4 Cyl,Automatic,State Farm Group Insurance,
25177424,A,6611,2008,MAZDA,CX-7,"119,160",JM3ER293480178811,ORIGINAL-OH,OTHER,,6/3/2019 7:30:00 AM,NO,REAR,,YES,YES,ACTUAL,Gasoline,4 Cyl,Automatic,,"$1,125.00"
25169045,A,4,2005,MAZDA,TRIBUTE,"173,509",4F2CZ96185KM22374,SALVAGE-OH,COLLISION,,6/3/2019 7:30:00 AM,YES,FRONT END,REAR,YES,YES,ACTUAL,Gasoline,6 Cyl,Automatic,Progressive Casualty Insurance,
24989161,A,46,2014,MERCEDES-BENZ,E,"47,008",WDDKK5KF7EF252078,SALVAGE CERTIFICATE-WV,COLLISION,,6/3/2019 7:30:00 AM,NO,REAR,,YES,YES,ACTUAL,Gasoline,6 Cyl,Automatic,Erie Insurance Group,
24241575,A,3088,2005,MERCEDES-BENZ,ML,"158,377",4JGAB75E05A552882,SALVAGE-OH,COLLISION,,6/3/2019 7:30:00 AM,YES,ALL OVER,SUSPENSION,NO,NO,ACTUAL,Gasoline,8 Cyl,Automatic,State Farm Group Insurance,$550.00
25120143,A,6618,2006,MERCURY,MARINER,"194,991",4M2YU561X6DJ04169,ORIGINAL-OH,OTHER,,6/3/2019 7:30:00 AM,NO,REAR,,YES,YES,ACTUAL,Gasoline,6 Cyl,Automatic,,$525.00
25053265,A,5500,2004,MERCURY,SABLE,"132,963",1MEHM55S24A627019,ORIGINAL-OH,OTHER,,6/3/2019 7:30:00 AM,YES,REPOSSESSION,,YES,YES,ACTUAL,Gasoline,6 Cyl,Automatic,Select Remarketing Group,
25132168,A,6603,1995,MERCURY,SABLE,"150,333",1MELM5341SG621737,ORIGINAL-OH,OTHER,,6/3/2019 7:30:00 AM,NO,LEFT REAR,,YES,YES,ACTUAL,Gasoline,6 Cyl,Automatic,Goodwill Industries of Greater Cleveland and E. Central Ohio,
25110210,A,3050,2004,MINI,COOPER,"192,107",WMWRC33454TC50269,SALVAGE-OH,COLLISION,,6/3/2019 7:30:00 AM,YES,RIGHT REAR,FRONT END,NO,YES,ACTUAL,Gasoline,4 Cyl,Manual,State Farm Group Insurance,
25066326,A,8,2007,MITSUBISHI,ECLIPSE,"107,915",4A3AK24FX7E018993,SALVAGE-OH,COLLISION,,6/3/2019 7:30:00 AM,YES,REAR,UNKNOWN,YES,YES,ACTUAL,Gasoline,4 Cyl,Automatic,Progressive Casualty Insurance,
25101073,A,6036,2004,MITSUBISHI,ENDEAVOR,"145,080",4A4MM31S84E025303,ORIGINAL-OH,OTHER,,6/3/2019 7:30:00 AM,NO,LEFT SIDE,,NO,NO,NOT ACTUAL,Gasoline,6 Cyl,Automatic,,$450.00
25076532,A,93,2007,MITSUBISHI,GALANT,"219,391",4A3AB36F37E076432,SALVAGE-OH,COLLISION,,6/3/2019 7:30:00 AM,YES,LEFT SIDE,REAR,YES,YES,ACTUAL,Gasoline,4 Cyl,Automatic,Erie Insurance Group,
25216371,A,6035,2008,MITSUBISHI,LANCER,"188,682",JA3AU26U68U045297,ORIGINAL-OH,OTHER,,6/3/2019 7:30:00 AM,NO,MECHANICAL,UNKNOWN,NO,NO,ACTUAL,Gasoline,4 Cyl,Unknown,CarBrain LLC - POS - w/c - ACH,
25030877,A,3,2010,MITSUBISHI,OUTLANDER,"145,159",JA4AT3AW8AZ012808,SALVAGE-OH,COLLISION,,6/3/2019 7:30:00 AM,YES,FRONT END,RIGHT FRONT,YES,YES,ACTUAL,Gasoline,4 Cyl,Automatic,American Family Insurance,
23368982,A,65,2013,NISSAN,370Z,"84,254",JN1AZ4EH2DM381013,SALVAGE-OH,COLLISION,,6/3/2019 7:30:00 AM,YES,LEFT SIDE,FRONT & REAR,YES,YES,ACTUAL,Gasoline,6 Cyl,Manual,Erie Insurance Group,
24676358,A,127,2015,NISSAN,ALTIMA,"58,197",1N4AL3APXFN399493,SALVAGE-OH,OTHER,,6/3/2019 7:30:00 AM,YES,REAR,LEFT & RIGHT,YES,YES,ACTUAL,Gasoline,4 Cyl,Automatic,State Farm Group Insurance,
24954133,A,3047,2015,NISSAN,ALTIMA,"20,902",1N4AL3AP1FC206630,SALVAGE-OH,COLLISION,,6/3/2019 7:30:00 AM,YES,FRONT END,,NO,YES,ACTUAL,Gasoline,4 Cyl,Automatic,Progressive Casualty Insurance,
24869408,A,56,2011,NISSAN,ALTIMA,"119,103",1N4AL2AP8BC146267,SALVAGE CERTIFICATE-WV,COLLISION,,6/3/2019 7:30:00 AM,YES,REAR,LEFT REAR,YES,YES,ACTUAL,Gasoline,4 Cyl,Automatic,Erie Insurance Group,
25037811,A,601,2017,NISSAN,FRONTIER,"22,135",1N6DD0CW2HN777488,SALVAGE-OH,COLLISION,,6/3/2019 7:30:00 AM,YES,FRONT END,LEFT & RIGHT,YES,YES,ACTUAL,Gasoline,6 Cyl,Automatic,Progressive Casualty Insurance,"$6,000.00"
24999687,A,132,2014,NISSAN,FRONTIER,"72,951",1N6AD0CW1EN731889,SALVAGE-OH,COLLISION,,6/3/2019 7:30:00 AM,YES,RIGHT SIDE,,YES,YES,ACTUAL,Gasoline,6 Cyl,Automatic,State Farm Group Insurance,
24921284,A,139,2011,NISSAN,MAXIMA,"152,943",1N4AA5AP3BC818386,SALVAGE-OH,COLLISION,,6/3/2019 7:30:00 AM,YES,LEFT SIDE,,YES,YES,ACTUAL,Gasoline,6 Cyl,Automatic,Erie Insurance Group,
25184441,A,6054,2006,NISSAN,MURANO,"132,268",JN8AZ08W46W502085,ORIGINAL-OH,OTHER,,6/3/2019 7:30:00 AM,NO,MECHANICAL,,NO,NO,ACTUAL,Gasoline,6 Cyl,Automatic,,
24843876,A,107,2016,NISSAN,PATHFINDER,"49,752",5N1AR2MM6GC639782,SALVAGE-OH,COLLISION,,6/3/2019 7:30:00 AM,YES,LEFT FRONT,LEFT REAR,YES,YES,ACTUAL,Gasoline,6 Cyl,Automatic,State Farm Group Insurance,
24799782,A,3093,2017,NISSAN,ROGUE,"41,680",JN8AT2MV0HW257427,SALVAGE-OH,COLLISION,,6/3/2019 7:30:00 AM,YES,FRONT END,,NO,NO,ACTUAL,Gasoline,4 Cyl,Automatic,State Farm Group Insurance,"$4,500.00"
24620810,A,32,2013,NISSAN,ROGUE,"62,275",JN8AS5MV1DW643062,SALVAGE-OH,COLLISION,,6/3/2019 7:30:00 AM,YES,LEFT SIDE,,YES,YES,ACTUAL,Gasoline,4 Cyl,Automatic,State Farm Group Insurance,
24983937,A,86,2017,NISSAN,SENTRA,"18,228",3N1AB7AP4HY315391,SALVAGE-OH,COLLISION,,6/3/2019 7:30:00 AM,YES,FRONT END,RIGHT FRONT,YES,YES,ACTUAL,Gasoline,4 Cyl,Automatic,AAA Auto Club Group Companies,
25072198,A,5,2014,NISSAN,SENTRA,"75,626",3N1AB7AP6EY264908,SALVAGE-OH,COLLISION,,6/3/2019 7:30:00 AM,YES,REAR,LEFT & RIGHT,YES,YES,ACTUAL,Gasoline,4 Cyl,Automatic,Progressive Casualty Insurance,
24913492,A,5020,2012,NISSAN,VERSA,"99,148",3N1BC1CP2CK814679,ORIGINAL-OH,COLLISION,,6/3/2019 7:30:00 AM,YES,REPOSSESSION,LEFT SIDE,NO,YES,ACTUAL,Gasoline,4 Cyl,Automatic,,
25047056,A,98,2010,NISSAN,VERSA,"130,168",3N1BC1AP2AL361576,SALVAGE-OH,COLLISION,,6/3/2019 7:30:00 AM,YES,LEFT SIDE,UNKNOWN,YES,YES,ACTUAL,Gasoline,4 Cyl,Automatic,Erie Insurance Group,
25160010,A,6602,2010,NISSAN,VERSA,"149,424",3N1BC1CP8AL441770,ORIGINAL-OH,OTHER,,6/3/2019 7:30:00 AM,NO,FRONT END,,YES,YES,ACTUAL,Gasoline,4 Cyl,Automatic,,$850.00
24499230,A,3087,2007,NISSAN,VERSA,"98,946",3N1BC11E67L406512,SALVAGE-OH,COLLISION,,6/3/2019 7:30:00 AM,YES,ROLLOVER,,NO,YES,ACTUAL,Gasoline,4 Cyl,Automatic,Geico Insurance,
25123486,A,3107,2001,NISSAN,XTERRA,"221,871",5N1ED28Y71C515055,SALVAGE-OH,COLLISION,,6/3/2019 7:30:00 AM,YES,FRONT END,LEFT FRONT,NO,NO,ACTUAL,Gasoline,6 Cyl,Automatic,State Farm Group Insurance,
25118585,A,61,2004,OLDSMOBILE,ALERO,"141,587",1G3NL52E04C205468,SALVAGE-OH,OTHER,,6/3/2019 7:30:00 AM,YES,FRONT END,REAR,YES,YES,ACTUAL,Gasoline,6 Cyl,Automatic,State Farm Group Insurance,
25117925,A,6001,1997,PONTIAC,FIREBIRD,"265,716",2G2FS22K5V2206357,ORIGINAL-OH,OTHER,,6/3/2019 7:30:00 AM,NO,LEFT FRONT,,YES,YES,ACTUAL,Gasoline,6 Cyl,Automatic,,"$1,500.00"
25041590,A,6003,1980,PONTIAC,FIREBIRD,"84,168",2V87TAN120515,ORIGINAL-OH,OTHER,,6/3/2019 7:30:00 AM,NO,UNKNOWN,,NO,NO,NOT ACTUAL,Other,,Unknown,,"$3,500.00"
25052016,A,6005,1979,PONTIAC,FIREBIRD,"60,728",2TB7Y9N189941,ORIGINAL-OH,OTHER,,6/3/2019 7:30:00 AM,NO,UNKNOWN,,NO,NO,NOT ACTUAL,Other,,Unknown,,"$1,500.00"
25067895,A,78,2010,PONTIAC,VIBE,"126,444",5Y2SN6E08AZ402058,SALVAGE-OH,COLLISION,,6/3/2019 7:30:00 AM,YES,FRONT END,,YES,YES,ACTUAL,Gasoline,4 Cyl,Manual,Geico Insurance,
25089376,A,12,2006,PONTIAC,VIBE,"226,986",5Y2SL65836Z442924,SALVAGE-OH,COLLISION,,6/3/2019 7:30:00 AM,YES,LEFT FRONT,FRONT END,YES,YES,ACTUAL,Gasoline,4 Cyl,Automatic,Progressive Casualty Insurance,
25127000,A,3110,2006,PONTIAC,VIBE,"174,252",5Y2SL65826Z434989,SALVAGE-OH,COLLISION,,6/3/2019 7:30:00 AM,YES,LEFT SIDE,,NO,NO,ACTUAL,Gasoline,4 Cyl,Automatic,State Farm Group Insurance,
25143956,A,4009,2018,PUMA,32BHKS,,4X4TPUH28JP071293,SALVAGE-OH,COLLISION,,6/3/2019 7:30:00 AM,YES,RIGHT SIDE,FRONT END,NO,NO,NOT REQUIRED/EXEMPT,Other,,Unknown,,
24540938,A,3175,2015,RAM,2500,"80,000",3C6UR5CL3FG593293,BILL OF SALE DESTRUCTION ONLY - SALVAGE-OH,FIRE,,6/3/2019 7:30:00 AM,NO,INTERIOR BURN,TOTAL BURN,NO,NO,NOT ACTUAL,Diesel,6 Cyl,Automatic,State Farm Group Insurance,
25132890,A,6021,2004,SAAB,9-3,"138,060",YS3FB49S241035938,ORIGINAL-OH,OTHER,,6/3/2019 7:30:00 AM,NO,FRONT END,RIGHT FRONT,NO,NO,ACTUAL,Gasoline,4 Cyl,Automatic,,$275.00
25137508,A,3102,2007,SATURN,AURA,"85,127",1G8ZS57N67F294456,SALVAGE-OH,COLLISION,,6/3/2019 7:30:00 AM,YES,FRONT END,SUSPENSION,NO,YES,ACTUAL,Gasoline,6 Cyl,Automatic,State Farm Group Insurance,
25084381,A,3031,2004,SATURN,ION,"110,666",1G8AG52F44Z221014,SALVAGE-OH,COLLISION,,6/3/2019 7:30:00 AM,YES,REAR,LEFT SIDE,NO,NO,ACTUAL,Gasoline,4 Cyl,Automatic,State Farm Group Insurance,
24789756,A,85,2000,SATURN,LS1,"179,923",1G8JU52F4YY623412,SALVAGE-OH,COLLISION,,6/3/2019 7:30:00 AM,YES,REAR,,YES,YES,ACTUAL,Gasoline,4 Cyl,Unknown,Geico Insurance,
24089514,A,77,2002,SATURN,SL1,"213,547",1G8ZH52822Z101467,SALVAGE-OH,COLLISION,,6/3/2019 7:30:00 AM,YES,RIGHT FRONT,,YES,YES,ACTUAL,Gasoline,4 Cyl,Automatic,Progressive Casualty Insurance,
25151582,A,6047,1998,SATURN,SL2,"126,311",1G8ZK5273WZ281332,ORIGINAL-OH,OTHER,,6/3/2019 7:30:00 AM,NO,RIGHT REAR,,NO,NO,ACTUAL,Gasoline,4 Cyl,Automatic,,$400.00
25149985,A,109,2006,SATURN,VUE,"183,825",5GZCZ53466S894967,SALVAGE-OH,COLLISION,,6/3/2019 7:30:00 AM,YES,REAR,,YES,YES,ACTUAL,Gasoline,6 Cyl,Automatic,State Farm Group Insurance,
24987910,A,17,2004,SUBARU,FORESTER,"68,580",JF1SG63644H728635,SALVAGE-OH,COLLISION,,Sold,YES,LEFT & RIGHT,,YES,YES,ACTUAL,Gasoline,4 Cyl,Automatic,State Farm Group Insurance,
24992769,A,49,2017,SUBARU,IMPREZA,"21,731",4S3GKAM66H3612212,SALVAGE CERTIFICATE-WV,COLLISION,,6/3/2019 7:30:00 AM,NO,LEFT SIDE,FRONT END,YES,YES,ACTUAL,Gasoline,4 Cyl,Automatic,Erie Insurance Group,
25068628,A,87,2007,SUBARU,IMPREZA,"103,578",JF1GG61697G802280,SALVAGE-OH,COLLISION,,6/3/2019 7:30:00 AM,YES,FRONT END,,YES,YES,ACTUAL,Gasoline,4 Cyl,Automatic,Erie Insurance Group,
25218118,A,6020,1967,SUNBEAN,ALPINE,"50,137",395017304,ORIGINAL-OH,OTHER,,6/3/2019 7:30:00 AM,NO,MECHANICAL,,NO,NO,ACTUAL,Other,,Manual,,
24996114,A,6617,2003,SUZUKI,GRAND VITARA,"198,158",JS3TD62V734107378,ORIGINAL-OH,OTHER,,6/3/2019 7:30:00 AM,NO,UNKNOWN,,YES,YES,ACTUAL,Gasoline,6 Cyl,Automatic,,$650.00
25112141,A,3051,2005,TOYOTA,AVALON,"256,752",4T1BK36B05U062376,BILL OF SALE DESTRUCTION ONLY - SALVAGE-OH,COLLISION,,6/3/2019 7:30:00 AM,NO,ROLLOVER,ALL OVER,NO,NO,ACTUAL,Gasoline,6 Cyl,Automatic,State Farm Group Insurance,
24331433,A,19,2017,TOYOTA,CAMRY,"49,650",4T1BK1FK4HU584209,SALVAGE-OH,COLLISION,,6/3/2019 7:30:00 AM,YES,LEFT FRONT,,YES,YES,ACTUAL,Gasoline,6 Cyl,Automatic,State Farm Group Insurance,"$9,000.00"
24667902,A,34,2017,TOYOTA,CAMRY,"16,881",4T1BF1FK6HU815468,SALVAGE-OH,COLLISION,,6/3/2019 7:30:00 AM,YES,RIGHT SIDE,,YES,YES,ACTUAL,Gasoline,4 Cyl,Automatic,Progressive Casualty Insurance,
25152412,A,67,2009,TOYOTA,CAMRY,"137,315",4T4BE46K59R058008,SALVAGE-OH,COLLISION,,6/3/2019 7:30:00 AM,YES,FRONT END,RIGHT FRONT,YES,YES,ACTUAL,Gasoline,4 Cyl,Automatic,Geico Insurance,
25093668,A,96,2004,TOYOTA,CAMRY,"189,167",4T1BE30K64U316252,SALVAGE-OH,OTHER,,6/3/2019 7:30:00 AM,YES,FRONT END,REAR,YES,YES,ACTUAL,Gasoline,4 Cyl,Automatic,State Farm Group Insurance,
25077095,A,88,2000,TOYOTA,CAMRY,"208,433",4T1BG22K5YU011641,SALVAGE-OH,COLLISION,,6/3/2019 7:30:00 AM,YES,RIGHT REAR,,YES,YES,ACTUAL,Gasoline,4 Cyl,Automatic,Erie Insurance Group,
25025552,A,3081,2000,TOYOTA,CAMRY,"58,507",4T1BF22KXYU113648,SALVAGE-OH,COLLISION,,6/3/2019 7:30:00 AM,YES,FRONT END,RIGHT FRONT,NO,NO,ACTUAL,Gasoline,6 Cyl,Automatic,Geico Insurance,
25036370,A,144,2016,TOYOTA,COROLLA,"50,507",5YFBURHE2GP498316,SALVAGE-OH,COLLISION,,6/3/2019 7:30:00 AM,YES,FRONT & REAR,RIGHT SIDE,YES,YES,ACTUAL,Gasoline,4 Cyl,Automatic,State Farm Group Insurance,
25130129,A,121,2010,TOYOTA,COROLLA,"33,338",1NXBU4EE7AZ172234,SALVAGE-OH,COLLISION,,6/3/2019 7:30:00 AM,YES,LEFT SIDE,,YES,YES,ACTUAL,Gasoline,4 Cyl,Automatic,State Farm Group Insurance,
25055853,A,6619,2001,TOYOTA,COROLLA,"102,468",2T1BR12EX1C434169,ORIGINAL-OH,OTHER,,6/3/2019 7:30:00 AM,NO,FRONT END,LEFT SIDE,YES,YES,ACTUAL,Gasoline,4 Cyl,Automatic,,$525.00
25186163,A,6051,2007,TOYOTA,COROLLA MATRIX,"77,863",2T1KR32E07C680541,ORIGINAL-OH,OTHER,,6/3/2019 7:30:00 AM,NO,RIGHT SIDE,,NO,NO,ACTUAL,Gasoline,4 Cyl,Automatic,,"$1,375.00"
25094800,A,43,2017,TOYOTA,HIGHLANDER,"36,749",5TDDZRFH5HS378669,SALVAGE-OH,COLLISION,,6/3/2019 7:30:00 AM,YES,FRONT END,RIGHT FRONT,YES,YES,ACTUAL,Gasoline,6 Cyl,Automatic,State Farm Group Insurance,
25116646,A,3066,2008,TOYOTA,PRIUS,"76,302",JTDKB20U583458595,SALVAGE-OH,COLLISION,,6/3/2019 7:30:00 AM,YES,FRONT END,,NO,NO,ACTUAL,Hybrid,4 Cyl,Automatic,State Farm Group Insurance,
24994606,A,3098,2007,TOYOTA,PRIUS,"176,946",JTDKB20U077670215,SALVAGE-OH,COLLISION,,6/3/2019 7:30:00 AM,YES,RIGHT SIDE,SUSPENSION,NO,YES,ACTUAL,Hybrid,4 Cyl,Automatic,State Farm Group Insurance,
25189860,A,6030,2000,TOYOTA,SIENNA,"156,993",4T3ZF13C5YU272889,ORIGINAL-OH,OTHER,,6/3/2019 7:30:00 AM,NO,FRONT END,,YES,YES,ACTUAL,Other,,Automatic,Boy Scouts of America National,
25104455,A,97,2009,TOYOTA,TACOMA,"251,070",5TETU62N79Z668095,SALVAGE-OH,COLLISION,,6/3/2019 7:30:00 AM,YES,FRONT END,,YES,YES,ACTUAL,Gasoline,6 Cyl,Automatic,Erie Insurance Group,
24616608,A,3184,2015,TOYOTA,TUNDRA,"102,214",5TFAW5F15FX459380,SALVAGE-OH,COLLISION,,6/3/2019 7:30:00 AM,YES,LEFT FRONT,ENGINE DAMAGE,NO,YES,ACTUAL,Flexible Fuel,8 Cyl,Automatic,State Farm Group Insurance,
25021624,A,129,2012,TOYOTA,TUNDRA,"271,025",5TFLU5F12CX027226,SALVAGE-OH,COLLISION,,6/3/2019 7:30:00 AM,YES,REAR,,YES,YES,ACTUAL,Gasoline,6 Cyl,Automatic,Progressive Casualty Insurance,"$5,300.00"
24915005,A,27,2009,TOYOTA,VENZA,"151,753",4T3BK11AX9U011452,SALVAGE-OH,COLLISION,,6/3/2019 7:30:00 AM,YES,FRONT END,,YES,YES,NOT ACTUAL,Gasoline,6 Cyl,Automatic,Erie Insurance Group,
25052186,A,3106,2012,VOLKSWAGEN,BEETLE,"97,518",3VWJX7AT5CM645629,SALVAGE-OH,COLLISION,,6/3/2019 7:30:00 AM,YES,FRONT END,RIGHT FRONT,NO,YES,ACTUAL,Gasoline,5 Cyl,Automatic,Erie Insurance Group,
24498760,A,119,2013,VOLKSWAGEN,CC,"86,968",WVWBP7AN8DE509978,SALVAGE-PA,COLLISION,,6/3/2019 7:30:00 AM,YES,FRONT END,,YES,YES,ACTUAL,Gasoline,4 Cyl,Automatic,Geico Insurance,
24981854,A,3125,2008,VOLKSWAGEN,JETTA,"103,917",3VWRM71K28M032409,SALVAGE-OH,COLLISION,,6/3/2019 7:30:00 AM,YES,FRONT END,RIGHT SIDE,NO,NO,ACTUAL,Gasoline,5 Cyl,Automatic,Geico Insurance,$500.00
24980598,A,6605,2007,VOLKSWAGEN,JETTA,"246,542",3VWEF71K57M087251,ORIGINAL-OH,OTHER,,6/3/2019 7:30:00 AM,NO,FRONT & REAR,,YES,YES,ACTUAL,Gasoline,5 Cyl,Automatic,,$600.00
25082722,A,3095,2014,VOLKSWAGEN,PASSAT,"49,425",1VWCT7A38EC044983,SALVAGE-OH,COLLISION,,6/3/2019 7:30:00 AM,YES,LEFT SIDE,SUSPENSION,NO,YES,ACTUAL,Gasoline,4 Cyl,Automatic,Progressive Casualty Insurance,
24699722,A,3084,2018,VOLVO,S90,"25,518",LVY982MK7JP023199,SALVAGE-MI,OTHER,,6/3/2019 7:30:00 AM,NO,RIGHT SIDE,,NO,NO,ACTUAL,Gasoline,4 Cyl,Automatic,World Omni - Volvo Car Financial Services - ACH,